GEOID,NAME,med_age,total_pop,white_pop,black_pop,hispanic_pop,hh_total,no_vehicle,commute_total,commute_transit,pov_denom,pov_below,med_hh_income,snap_denom,snap_hh,housing_units,no_plumbing,rent_denom,rent_burden_50,ins_denom,unins_u19,unins_19_34,unins_35_64,unins_65up,internet_denom,no_internet,county_fips,pct_black,pct_poverty,pct_uninsured,pct_no_vehicle,pct_rent_burden
01097000200,Census Tract 2; Mobile County; Alabama,61.4,1106,645,328,9,709,138,473,0,987,250,38472,709,165,957,21,514,29,978,7,33,72,39,709,204,01097,29.65641952983725,25.329280648429584,15.439672801635991,19.464033850493653,5.642023346303502
01097000401,Census Tract 4.01; Mobile County; Alabama,37.7,1374,0,1367,2,597,143,339,5,1374,291,31632,597,143,762,79,408,85,1374,0,7,62,7,597,181,01097,99.490538573508,21.179039301310045,5.531295487627365,23.953098827470686,20.833333333333332
01097000402,Census Tract 4.02; Mobile County; Alabama,14.9,861,0,861,0,384,102,180,5,861,542,14658,384,322,431,0,384,63,861,0,52,22,0,384,41,01097,100,62.95005807200929,8.59465737514518,26.5625,16.40625
01097000500,Census Tract 5; Mobile County; Alabama,36.6,1291,23,1233,6,525,180,419,0,1291,410,27026,525,215,880,206,301,46,1291,19,79,110,0,525,112,01097,95.50735863671572,31.758326878388846,16.11154144074361,34.285714285714285,15.282392026578073
01097000600,Census Tract 6; Mobile County; Alabama,51.1,1452,27,1399,0,522,46,478,0,1293,396,36094,522,175,731,139,196,6,1304,22,34,17,0,522,106,01097,96.34986225895317,30.62645011600928,5.598159509202454,8.812260536398467,3.061224489795918
01097000701,Census Tract 7.01; Mobile County; Alabama,42,1725,28,1690,0,689,103,527,7,1725,597,34871,689,238,842,119,376,127,1725,3,143,135,0,689,243,01097,97.97101449275362,34.608695652173914,16.28985507246377,14.949201741654571,33.776595744680854
01097000702,Census Tract 7.02; Mobile County; Alabama,46.3,2366,8,2337,0,942,88,695,9,2343,467,43193,942,265,1109,85,478,79,2366,10,175,131,39,942,296,01097,98.77430262045647,19.931711481007255,15.00422654268808,9.341825902335456,16.527196652719667
01097000801,Census Tract 8.01; Mobile County; Alabama,45.4,3215,149,3013,9,1397,8,1452,12,3164,413,44293,1397,283,1597,112,891,223,3164,30,132,242,0,1397,279,01097,93.71695178849144,13.053097345132743,12.768647281921618,0.572655690765927,25.028058361391693
01097000802,Census Tract 8.02; Mobile County; Alabama,43.6,1038,0,1038,0,509,0,397,0,1038,228,36683,509,145,596,37,273,8,1038,0,15,67,0,509,235,01097,100,21.965317919075144,7.89980732177264,0,2.93040293040293
01097000901,Census Tract 9.01; Mobile County; Alabama,37.2,1437,782,558,5,679,68,749,0,1433,240,NA,679,105,879,44,402,68,1434,12,111,110,0,679,94,01097,38.83089770354906,16.748080949057922,16.24825662482566,10.014727540500736,16.915422885572138
01097000902,Census Tract 9.02; Mobile County; Alabama,35.6,1843,1326,333,100,811,109,974,19,1753,286,96750,811,69,962,76,237,128,1771,6,105,32,0,811,36,01097,18.06836679327184,16.314888762122077,8.074534161490684,13.44019728729963,54.0084388185654
01097000903,Census Tract 9.03; Mobile County; Alabama,44.1,1583,777,792,15,584,16,711,11,1583,280,63846,584,164,728,67,217,46,1583,5,16,68,0,584,64,01097,50.03158559696778,17.687934301958308,5.622236260265319,2.73972602739726,21.19815668202765
01097001001,Census Tract 10.01; Mobile County; Alabama,41,1322,917,348,20,689,114,669,7,1282,226,56563,689,85,984,138,412,76,1322,0,24,90,0,689,98,01097,26.32375189107413,17.628705148205928,8.623298033282905,16.545718432510885,18.446601941747574
01097001002,Census Tract 10.02; Mobile County; Alabama,45.2,1495,868,503,18,677,44,865,0,1495,108,72813,677,75,1085,264,200,55,1495,0,59,78,0,677,78,01097,33.64548494983278,7.224080267558528,9.163879598662207,6.499261447562777,27.5
01097001100,Census Tract 11; Mobile County; Alabama,59.4,2153,109,2020,23,1086,527,711,9,2037,416,33169,1086,454,1185,43,645,36,2037,14,36,248,13,1086,325,01097,93.82257315373897,20.42218949435444,15.267550319096712,48.52670349907919,5.5813953488372094
01097001200,Census Tract 12; Mobile County; Alabama,39.1,2318,730,1449,66,530,41,351,0,1125,390,31136,530,196,747,173,342,66,1125,12,130,68,0,530,290,01097,62.51078515962036,34.666666666666664,18.666666666666668,7.735849056603773,19.29824561403509
01097001302,Census Tract 13.02; Mobile County; Alabama,40.2,2421,102,2261,0,955,308,706,23,2421,873,23239,955,396,1247,170,592,346,2421,13,54,292,0,955,252,01097,93.39116067740603,36.059479553903344,14.828583230070219,32.25130890052356,58.445945945945944
01097001400,Census Tract 14; Mobile County; Alabama,42.3,2242,17,2143,0,801,139,683,0,2242,630,30352,801,358,1040,135,508,244,2242,0,177,84,0,801,285,01097,95.58429973238181,28.099910793933986,11.641391614629795,17.35330836454432,48.031496062992126
01097001501,Census Tract 15.01; Mobile County; Alabama,40.7,751,9,733,9,403,153,198,23,751,461,14399,403,228,1002,509,320,162,742,0,31,38,0,403,148,01097,97.60319573901465,61.38482023968042,9.299191374663073,37.96526054590571,50.625
01097001502,Census Tract 15.02; Mobile County; Alabama,22,886,0,883,0,276,88,247,4,886,522,21900,276,147,624,285,218,16,886,0,113,31,0,276,129,01097,99.66139954853273,58.91647855530474,16.252821670428894,31.884057971014492,7.339449541284404
01097001800,Census Tract 18; Mobile County; Alabama,41.8,2474,726,1598,9,984,92,1125,0,2474,374,50071,984,138,1165,115,417,119,2474,0,48,46,0,984,143,01097,64.59175424413904,15.117219078415522,3.799514955537591,9.34959349593496,28.53717026378897
01097001901,Census Tract 19.01; Mobile County; Alabama,49,1719,835,830,36,745,0,698,0,1715,147,58042,745,107,893,36,167,37,1715,0,83,150,0,745,89,01097,48.28388598022106,8.571428571428571,13.58600583090379,0,22.15568862275449
01097001902,Census Tract 19.02; Mobile County; Alabama,43.4,3776,1315,1850,489,1348,64,1594,69,3776,991,63611,1348,308,1491,117,423,56,3776,0,75,307,0,1348,230,01097,48.99364406779661,26.24470338983051,10.116525423728813,4.747774480712166,13.238770685579196
01097002000,Census Tract 20; Mobile County; Alabama,49,1784,1118,561,63,678,20,766,0,1784,242,119167,678,72,809,86,145,42,1745,0,43,65,41,678,39,01097,31.446188340807176,13.565022421524663,8.538681948424069,2.949852507374631,28.96551724137931
01097002100,Census Tract 21; Mobile County; Alabama,27.8,4174,522,3440,97,1470,112,1514,0,4174,1726,38160,1470,605,1552,0,822,313,4174,61,449,331,0,1470,323,01097,82.41494968854815,41.3512218495448,20.148538572113083,7.619047619047619,38.07785888077859
01097002200,Census Tract 22; Mobile County; Alabama,32.2,2902,319,2556,11,967,34,1215,0,2826,455,47117,967,163,1061,54,361,102,2826,0,36,71,0,967,164,01097,88.07718814610614,16.100495399858456,3.786270346779901,3.5160289555325748,28.25484764542936
01097002301,Census Tract 23.01; Mobile County; Alabama,43.3,1993,549,1428,11,728,65,1010,13,1993,406,48000,728,240,903,109,348,71,1993,7,50,203,0,728,241,01097,71.6507777220271,20.37129954841947,13.045659809332664,8.928571428571429,20.402298850574713
01097002302,Census Tract 23.02; Mobile County; Alabama,40.2,1684,59,1608,0,581,19,495,0,1684,330,35399,581,245,702,116,238,53,1684,8,142,60,0,581,167,01097,95.48693586698337,19.59619952494062,12.470308788598574,3.270223752151463,22.26890756302521
01097002400,Census Tract 24; Mobile County; Alabama,34.5,3420,446,2793,4,1200,156,1430,13,3386,691,48098,1200,396,1510,247,568,165,3420,11,239,184,0,1200,233,01097,81.66666666666667,20.407560543414057,12.690058479532164,13,29.049295774647888
01097002501,Census Tract 25.01; Mobile County; Alabama,41.8,3614,3334,63,217,1720,5,2436,0,3614,150,115663,1720,48,1923,67,443,67,3614,0,11,216,0,1720,101,01097,1.7432208079690095,4.150525733259546,6.281128942999446,0.29069767441860467,15.124153498871332
01097002502,Census Tract 25.02; Mobile County; Alabama,49.8,2028,1656,209,20,891,12,924,0,1820,195,75795,891,92,1079,97,280,51,1845,13,27,64,0,891,84,01097,10.305719921104536,10.714285714285714,5.636856368563685,1.3468013468013469,18.214285714285715
01097002600,Census Tract 26; Mobile County; Alabama,50.3,2337,422,1898,0,937,223,905,1,2336,484,33457,937,266,1239,218,431,125,2337,0,116,76,40,937,394,01097,81.21523320496362,20.71917808219178,9.927257167308515,23.799359658484526,29.00232018561485
01097002700,Census Tract 27; Mobile County; Alabama,32.5,2031,289,1689,21,983,299,656,14,1936,1058,17788,983,357,1145,79,696,302,1936,10,79,136,0,983,396,01097,83.16100443131462,54.64876033057851,11.62190082644628,30.41709053916582,43.39080459770115
01097002800,Census Tract 28; Mobile County; Alabama,40.1,4251,1862,2301,78,1895,138,1885,0,4225,778,47383,1895,600,2063,36,1224,117,4191,0,155,501,0,1895,568,01097,54.12844036697248,18.414201183431953,15.652588880935337,7.282321899736147,9.558823529411764
01097002900,Census Tract 29; Mobile County; Alabama,29.9,4332,1021,2583,498,1875,224,1969,0,4297,787,41499,1875,438,2007,44,1281,231,4332,0,733,117,0,1875,381,01097,59.62603878116344,18.31510356062369,19.621421975992615,11.946666666666667,18.0327868852459
01097003000,Census Tract 30; Mobile County; Alabama,45.1,3195,1889,1034,30,1452,54,1615,25,3054,441,41127,1452,276,1652,41,823,204,3079,0,235,301,0,1452,26,01097,32.36306729264476,14.44007858546169,17.408249431633646,3.71900826446281,24.787363304981774
01097003100,Census Tract 31; Mobile County; Alabama,37.8,4777,3476,855,86,1723,0,2017,14,4777,576,75972,1723,115,1980,114,261,35,4777,6,63,127,0,1723,102,01097,17.898262507850117,12.057776847393761,4.102993510571489,0,13.409961685823754
01097003202,Census Tract 32.02; Mobile County; Alabama,40,3068,922,1761,280,1226,139,892,0,3068,682,38375,1226,409,1453,0,628,183,3026,0,91,276,0,1226,165,01097,57.39895697522816,22.229465449804433,12.128222075346994,11.33768352365416,29.14012738853503
01097003203,Census Tract 32.03; Mobile County; Alabama,31.6,3114,1281,1529,357,1642,18,1968,9,3098,646,43902,1642,290,1823,73,1001,241,3114,0,189,78,0,1642,86,01097,49.10083493898523,20.852162685603616,8.574181117533719,1.0962241169305724,24.075924075924075
01097003205,Census Tract 32.05; Mobile County; Alabama,29.3,2108,433,1464,94,1019,84,907,15,2108,725,28307,1019,365,1471,63,724,207,2108,27,226,124,0,1019,113,01097,69.44971537001898,34.39278937381404,17.8842504743833,8.243375858684985,28.591160220994475
01097003206,Census Tract 32.06; Mobile County; Alabama,33.7,1707,316,1339,84,959,39,1210,20,1707,91,72672,959,143,1018,0,959,142,1697,0,279,194,0,959,93,01097,78.44171060339778,5.330990041007616,27.87271655863288,4.066736183524505,14.80709071949948
01097003207,Census Tract 32.07; Mobile County; Alabama,28.5,3547,1259,2022,107,1647,56,2228,16,3454,890,62639,1647,210,1718,0,1625,271,3547,0,409,192,0,1647,11,01097,57.005920496193966,25.76722640416908,16.94389625035241,3.400121432908318,16.676923076923078
01097003301,Census Tract 33.01; Mobile County; Alabama,31.9,2454,1566,720,119,1268,15,1316,0,2375,411,48680,1268,130,1440,0,796,224,2364,0,179,36,0,1268,122,01097,29.339853300733495,17.305263157894736,9.094754653130288,1.1829652996845426,28.14070351758794
01097003302,Census Tract 33.02; Mobile County; Alabama,29.3,5429,4290,710,525,1838,73,2535,0,4475,444,111042,1838,37,2082,14,667,107,5302,18,220,49,0,1838,101,01097,13.077914901455149,9.921787709497206,5.413051678611844,3.9717083786724703,16.041979010494753
01097003402,Census Tract 34.02; Mobile County; Alabama,38.6,3342,396,2930,6,1316,12,1638,0,3320,706,41557,1316,299,1416,0,557,131,3320,47,28,100,0,1316,137,01097,87.672052663076,21.265060240963855,5.271084337349397,0.9118541033434651,23.518850987432675
01097003404,Census Tract 34.04; Mobile County; Alabama,28,2769,229,2434,0,1003,126,1193,39,2769,819,42625,1003,457,1066,12,620,179,2769,15,254,109,0,1003,77,01097,87.90176959191044,29.577464788732396,13.651137594799566,12.562313060817548,28.870967741935484
01097003405,Census Tract 34.05; Mobile County; Alabama,35.4,2205,466,1709,12,790,0,992,0,2205,480,66048,790,85,831,0,26,0,2205,0,39,65,0,790,30,01097,77.50566893424036,21.768707482993197,4.716553287981859,0,0
01097003406,Census Tract 34.06; Mobile County; Alabama,35.3,2864,719,1863,9,1112,110,1097,0,2864,1286,29128,1112,355,1214,6,471,226,2864,0,186,199,0,1112,118,01097,65.04888268156425,44.902234636871505,13.442737430167599,9.892086330935252,47.983014861995755
01097003408,Census Tract 34.08; Mobile County; Alabama,37.4,4689,1123,3371,70,1605,23,1704,0,4689,623,59814,1605,427,1767,48,227,106,4689,219,224,393,29,1605,128,01097,71.89166133503946,13.28641501386223,18.447430155683513,1.4330218068535825,46.69603524229075
01097003409,Census Tract 34.09; Mobile County; Alabama,42.4,2691,1359,925,36,1080,0,1467,0,2691,260,83056,1080,130,1080,0,118,0,2691,0,107,156,0,1080,64,01097,34.37383872166481,9.66183574879227,9.773318468970643,0,0
01097003410,Census Tract 34.10; Mobile County; Alabama,40.6,4240,1596,2244,345,1760,42,2293,0,4240,570,63269,1760,106,1917,0,448,84,4240,305,144,66,0,1760,55,01097,52.924528301886795,13.443396226415095,12.14622641509434,2.3863636363636362,18.75
01097003501,Census Tract 35.01; Mobile County; Alabama,35.9,3468,2646,437,290,1382,26,1609,0,3468,297,81438,1382,60,1565,0,299,45,3451,33,37,57,46,1382,43,01097,12.600922722029988,8.56401384083045,5.013039698638076,1.8813314037626627,15.050167224080267
01097003502,Census Tract 35.02; Mobile County; Alabama,41.5,2851,2746,17,1,1016,15,1158,0,2850,55,144889,1016,6,1113,3,160,33,2824,6,0,3,0,1016,51,01097,0.5962820063135742,1.9298245614035088,0.31869688385269124,1.4763779527559056,20.625
01097003602,Census Tract 36.02; Mobile County; Alabama,27.2,1423,199,1212,89,483,19,519,0,1291,400,45250,483,146,573,0,359,98,1407,0,144,96,0,483,59,01097,85.17217146872804,30.983733539891556,17.057569296375267,3.9337474120082816,27.298050139275766
01097003606,Census Tract 36.06; Mobile County; Alabama,32.3,3330,1899,956,1,1919,104,1568,0,3330,1045,39213,1919,76,2124,0,1170,405,3330,7,169,119,0,1919,184,01097,28.70870870870871,31.38138138138138,8.85885885885886,5.419489317352788,34.61538461538461
01097003607,Census Tract 36.07; Mobile County; Alabama,31.5,2877,1301,1250,100,1573,126,1626,0,2877,445,40404,1573,219,1924,8,1009,289,2877,0,329,211,0,1573,166,01097,43.44803614876608,15.467500868960723,18.769551616266945,8.010171646535284,28.642220019821604
01097003608,Census Tract 36.08; Mobile County; Alabama,40,972,232,717,6,484,12,420,0,972,106,44583,484,47,580,0,75,31,972,32,44,44,0,484,66,01097,73.76543209876543,10.905349794238683,12.345679012345679,2.479338842975207,41.333333333333336
01097003703,Census Tract 37.03; Mobile County; Alabama,30.1,4381,1917,2016,111,2108,218,1696,11,4350,808,43405,2108,294,2462,0,1712,470,4350,0,373,125,0,2108,180,01097,46.01689112074869,18.57471264367816,11.448275862068966,10.341555977229602,27.453271028037385
01097003704,Census Tract 37.04; Mobile County; Alabama,42.2,4704,2891,1099,153,2190,93,2492,0,4637,426,73582,2190,53,2323,56,666,132,4632,10,113,143,0,2190,64,01097,23.363095238095237,9.186974336855725,5.7426597582038,4.2465753424657535,19.81981981981982
01097003705,Census Tract 37.05; Mobile County; Alabama,37.7,4377,2282,1462,127,2026,123,2274,31,4340,468,63889,2026,162,2242,0,1136,353,4305,0,269,80,0,2026,45,01097,33.401873429289466,10.783410138248849,8.1068524970964,6.071076011846002,31.073943661971832
01097003706,Census Tract 37.06; Mobile County; Alabama,39.8,2829,1826,699,46,1419,62,1660,83,2829,263,59904,1419,38,1461,0,618,118,2801,59,214,152,0,1419,137,01097,24.708377518557793,9.29657122658183,15.173152445555159,4.3692741367159975,19.093851132686083
01097003707,Census Tract 37.07; Mobile County; Alabama,43.8,3950,1666,1807,92,1907,266,1669,0,3950,684,49601,1907,326,2262,0,1012,221,3950,0,115,239,11,1907,236,01097,45.74683544303797,17.31645569620253,9.240506329113924,13.94861038280021,21.83794466403162
01097003708,Census Tract 37.08; Mobile County; Alabama,44.5,4051,2643,993,255,1949,262,2252,0,4051,298,73792,1949,215,2051,0,850,362,4031,25,53,105,0,1949,311,01097,24.512466057763515,7.356208343618859,4.53981642272389,13.442791174961519,42.588235294117645
01097003710,Census Tract 37.10; Mobile County; Alabama,47.6,3858,2592,865,569,1608,59,1537,0,3741,437,57033,1608,228,2001,16,496,174,3706,0,59,138,0,1608,59,01097,22.42094349403836,11.681368618016574,5.315704263356719,3.6691542288557213,35.08064516129032
01097003711,Census Tract 37.11; Mobile County; Alabama,32.8,2826,1838,535,99,1326,38,1616,0,2826,134,78676,1326,235,1455,0,766,80,2826,0,45,13,0,1326,116,01097,18.931351733899504,4.7416843595187546,2.0523708421797595,2.865761689291101,10.443864229765014
01097003712,Census Tract 37.12; Mobile County; Alabama,50.6,3504,2128,840,95,1470,13,1866,0,3450,109,81466,1470,119,1690,0,213,0,3450,0,19,64,15,1470,95,01097,23.972602739726028,3.1594202898550723,2.8405797101449277,0.8843537414965986,0
01097003800,Census Tract 38; Mobile County; Alabama,55.3,1313,568,612,0,568,155,509,0,1313,161,38529,568,72,831,199,289,22,1313,0,0,41,0,568,237,01097,46.61081492764661,12.261995430312261,3.1226199543031226,27.288732394366196,7.612456747404845
01097003901,Census Tract 39.01; Mobile County; Alabama,47.4,1977,128,1796,12,781,118,571,1,1819,259,33980,781,161,908,127,258,21,1834,0,152,107,2,781,282,01097,90.84471421345474,14.238592633315008,14.231188658669575,15.108834827144687,8.13953488372093
01097003902,Census Tract 39.02; Mobile County; Alabama,50.5,726,0,715,0,292,21,280,7,726,183,27955,292,53,393,97,158,35,726,0,42,188,4,292,68,01097,98.48484848484848,25.206611570247933,32.231404958677686,7.191780821917808,22.151898734177216
01097004000,Census Tract 40; Mobile County; Alabama,33.9,2771,0,2771,136,782,126,927,0,2771,1075,23750,782,434,1030,260,471,203,2771,0,299,250,0,782,219,01097,100,38.79465896788163,19.812342114760014,16.11253196930946,43.09978768577495
01097004100,Census Tract 41; Mobile County; Alabama,56.5,567,0,567,0,291,18,184,0,567,202,33661,291,85,375,58,170,11,545,0,44,84,0,291,73,01097,100,35.62610229276896,23.486238532110093,6.185567010309279,6.470588235294118
01097004800,Census Tract 48; Mobile County; Alabama,13.8,1046,15,1031,0,313,63,100,0,1046,771,9153,313,233,442,106,251,118,1046,0,70,86,0,313,120,01097,98.56596558317399,73.7093690248566,14.91395793499044,20.12779552715655,47.01195219123506
01097004900,Census Tract 49; Mobile County; Alabama,43.4,2680,117,2563,61,1053,165,714,0,2680,1204,36951,1053,359,1383,85,421,134,2680,153,88,250,0,1053,174,01097,95.63432835820896,44.92537313432836,18.32089552238806,15.66951566951567,31.828978622327792
01097005000,Census Tract 50; Mobile County; Alabama,30.3,1614,256,1358,6,498,11,610,0,1614,529,39274,498,188,616,10,173,22,1614,11,141,114,0,498,112,01097,84.13878562577447,32.77571251548947,16.48079306071871,2.208835341365462,12.716763005780347
01097005100,Census Tract 51; Mobile County; Alabama,27.8,1543,434,1014,48,503,11,580,2,1543,577,33750,503,134,561,6,249,76,1543,12,132,178,0,503,52,01097,65.71613739468567,37.394685677252106,20.86843810758263,2.1868787276341948,30.522088353413654
01097005200,Census Tract 52; Mobile County; Alabama,34.4,1403,777,581,43,609,63,755,0,1384,338,38875,609,119,743,13,330,57,1384,6,1,95,0,609,61,01097,41.41126158232359,24.421965317919074,7.369942196531792,10.344827586206897,17.272727272727273
01097005300,Census Tract 53; Mobile County; Alabama,32.2,2524,1037,1273,44,938,90,941,0,2524,740,51379,938,266,1007,14,499,104,2524,0,71,103,0,938,118,01097,50.43581616481775,29.31854199683043,6.893819334389858,9.594882729211088,20.841683366733466
01097005400,Census Tract 54; Mobile County; Alabama,38.9,4628,3809,650,28,2128,34,2068,0,4615,329,52658,2128,83,2332,81,835,221,4615,85,29,166,0,2128,353,01097,14.044943820224718,7.1289274106175515,6.067172264355363,1.5977443609022557,26.46706586826347
01097005500,Census Tract 55; Mobile County; Alabama,39.9,3102,2261,623,30,1435,124,1288,0,3092,506,NA,1435,230,1617,39,426,154,3102,28,128,108,15,1435,230,01097,20.08381689232753,16.364812419146183,8.994197292069632,8.641114982578397,36.15023474178404
01097005601,Census Tract 56.01; Mobile County; Alabama,50.3,2804,2476,301,0,950,0,1265,0,2804,115,103235,950,120,1101,0,56,0,2804,20,57,34,0,950,41,01097,10.734664764621968,4.101283880171184,3.958630527817404,0,0
01097005602,Census Tract 56.02; Mobile County; Alabama,41.4,4586,3469,436,258,1764,27,1994,0,4532,395,77465,1764,216,1988,78,457,117,4532,0,128,189,0,1764,171,01097,9.507195813344962,8.715798764342454,6.994704324801412,1.530612244897959,25.601750547045953
01097005701,Census Tract 57.01; Mobile County; Alabama,45.4,3869,3054,445,71,1415,3,1741,0,3869,294,91875,1415,33,1555,0,31,0,3869,36,34,79,0,1415,38,01097,11.501680020677178,7.5988627552339105,3.851124321530111,0.21201413427561838,0
01097005702,Census Tract 57.02; Mobile County; Alabama,41.6,4044,3364,536,16,1244,41,1781,0,4030,474,91806,1244,150,1283,0,120,0,4044,83,31,173,0,1244,195,01097,13.254203758654798,11.761786600496277,7.096933728981207,3.2958199356913185,0
01097005800,Census Tract 58; Mobile County; Alabama,44.9,4651,2214,1432,9,1745,68,1976,27,4557,529,57907,1745,276,2010,146,210,0,4597,130,94,316,0,1745,473,01097,30.78907761771662,11.608514373491332,11.746791385686317,3.896848137535817,0
01097005900,Census Tract 59; Mobile County; Alabama,33.6,4587,3957,405,82,1658,29,1522,0,4587,1056,61667,1658,294,1903,100,264,27,4587,0,174,166,0,1658,399,01097,8.82930019620667,23.02158273381295,7.412252016568563,1.7490952955367913,10.227272727272727
01097006000,Census Tract 60; Mobile County; Alabama,41,4998,3364,851,63,1780,5,1792,0,4912,954,52155,1780,260,2148,97,540,19,4926,26,98,575,0,1780,173,01097,17.026810724289717,19.421824104234528,14.190012180267965,0.2808988764044944,3.5185185185185186
01097006102,Census Tract 61.02; Mobile County; Alabama,42.4,3074,2734,290,21,941,184,1500,0,2825,371,49375,941,158,1192,58,349,80,2825,59,161,127,0,941,85,01097,9.433962264150944,13.132743362831858,12.283185840707965,19.55366631243358,22.922636103151863
01097006103,Census Tract 61.03; Mobile County; Alabama,31.2,5062,350,4633,63,1685,46,1705,0,4938,731,47855,1685,417,1978,73,628,82,4938,117,104,238,0,1685,254,01097,91.52508889766891,14.803564196030782,9.295261239368164,2.7299703264094957,13.05732484076433
01097006104,Census Tract 61.04; Mobile County; Alabama,43.5,4717,3800,546,103,1615,183,1780,0,4683,582,68583,1615,132,1856,72,212,24,4717,87,350,460,0,1615,278,01097,11.575153699385202,12.427930813581037,19.01632393470426,11.3312693498452,11.320754716981131
01097006106,Census Tract 61.06; Mobile County; Alabama,40,3188,1978,1063,28,987,22,1067,0,2680,118,70875,987,45,1102,0,203,35,3188,0,70,97,0,987,118,01097,33.34378920953576,4.402985074626866,5.238393977415307,2.2289766970618032,17.24137931034483
01097006107,Census Tract 61.07; Mobile County; Alabama,42.8,3676,3035,409,194,1459,97,1577,0,3674,410,67094,1459,239,1740,29,237,38,3676,0,25,169,0,1459,138,01097,11.126224156692057,11.15949918345128,5.277475516866159,6.648389307745031,16.033755274261605
01097006201,Census Tract 62.01; Mobile County; Alabama,31.5,3669,3394,162,113,1196,30,1101,0,3669,858,63125,1196,157,1627,112,178,76,3669,46,370,101,0,1196,223,01097,4.415372035977105,23.38511856091578,14.091032979013356,2.508361204013378,42.69662921348315
01097006202,Census Tract 62.02; Mobile County; Alabama,28.8,1938,1795,93,26,618,0,962,0,1938,128,100000,618,98,672,0,86,54,1938,2,5,147,0,618,6,01097,4.798761609907121,6.604747162022703,7.946336429308565,0,62.7906976744186
01097006303,Census Tract 63.03; Mobile County; Alabama,34.8,3459,3157,113,103,1243,8,1861,0,3421,227,93206,1243,75,1325,0,89,0,3459,6,75,38,0,1243,70,01097,3.2668401272043943,6.635486699795382,3.440300664932061,0.6436041834271923,0
01097006304,Census Tract 63.04; Mobile County; Alabama,38.1,5202,4446,719,10,1693,10,1941,0,5202,330,68125,1693,245,1837,71,399,52,5202,28,64,182,21,1693,54,01097,13.82160707420223,6.343713956170704,5.670895809304114,0.5906674542232723,13.032581453634085
01097006305,Census Tract 63.05; Mobile County; Alabama,30.1,3951,2630,952,183,1257,64,1374,0,3948,703,48260,1257,313,1361,14,252,6,3941,56,317,263,0,1257,152,01097,24.095165780814984,17.806484295845998,16.138036031464097,5.0914876690533015,2.380952380952381
01097006306,Census Tract 63.06; Mobile County; Alabama,34.9,5773,3846,1680,122,1654,32,2362,0,5773,546,81606,1654,220,1893,58,55,0,5739,0,300,312,19,1654,62,01097,29.100987354928115,9.457820890351638,10.994946854852762,1.9347037484885128,0
01097006307,Census Tract 63.07; Mobile County; Alabama,49.2,3100,2321,533,50,1348,39,1398,0,3100,543,64877,1348,100,1479,0,316,25,3100,0,135,273,0,1348,72,01097,17.193548387096776,17.516129032258064,13.161290322580646,2.893175074183976,7.9113924050632916
01097006402,Census Tract 64.02; Mobile County; Alabama,38.9,4702,3180,1068,558,1853,34,2055,9,4702,465,59785,1853,373,1971,43,850,144,4695,84,305,387,0,1853,160,01097,22.713738834538493,9.88940876222884,16.52822151224707,1.834862385321101,16.941176470588236
01097006403,Census Tract 64.03; Mobile County; Alabama,32.6,1999,1331,501,80,703,9,1044,0,1971,272,50875,703,96,773,20,227,49,1991,0,141,138,0,703,56,01097,25.062531265632817,13.800101471334347,14.01305876443998,1.2802275960170697,21.58590308370044
01097006407,Census Tract 64.07; Mobile County; Alabama,40.7,7337,6176,886,157,2529,26,3496,0,7337,323,71240,2529,239,2830,100,210,26,7267,0,199,623,0,2529,102,01097,12.075780291672345,4.402344282404252,11.311407733590203,1.0280743376828787,12.380952380952381
01097006408,Census Tract 64.08; Mobile County; Alabama,40,3613,3156,349,165,1490,147,1742,0,3613,230,83561,1490,81,1490,0,356,123,3601,22,54,133,0,1490,42,01097,9.659562690285082,6.3659009133683915,5.803943349069703,9.865771812080537,34.550561797752806
01097006409,Census Tract 64.09; Mobile County; Alabama,39.6,6890,4686,1650,348,2415,13,3405,0,6787,407,73982,2415,301,2618,26,306,48,6787,0,463,468,0,2415,77,01097,23.9477503628447,5.996758508914101,13.717400913511124,0.5383022774327122,15.686274509803921
01097006410,Census Tract 64.10; Mobile County; Alabama,34.4,3675,2491,1035,193,1391,30,1381,0,3607,396,84393,1391,131,1469,0,563,108,3623,87,102,74,0,1391,74,01097,28.163265306122447,10.97865261990574,7.259177477228816,2.156721782890007,19.182948490230906
01097006411,Census Tract 64.11; Mobile County; Alabama,33.2,5019,2745,1532,679,1797,0,2050,0,5019,287,58480,1797,263,1947,0,745,27,5019,0,248,263,0,1797,152,01097,30.524008766686592,5.718270571827057,10.181311018131101,0,3.6241610738255035
01097006412,Census Tract 64.12; Mobile County; Alabama,35.1,5833,4941,521,273,1787,20,2591,0,5833,301,121458,1787,113,1885,50,118,12,5514,0,0,24,0,1787,9,01097,8.931938967941026,5.160294873992799,0.4352557127312296,1.119194180190263,10.169491525423728
01097006413,Census Tract 64.13; Mobile County; Alabama,36,4006,2847,543,53,1326,0,1974,0,4006,221,101633,1326,25,1480,51,99,0,3964,0,59,114,16,1326,7,01097,13.554667998002996,5.516724912631053,4.767911200807266,0,0
01097006501,Census Tract 65.01; Mobile County; Alabama,38.3,5493,4475,402,424,1971,152,2361,0,5493,1102,59871,1971,376,2013,42,253,72,5456,77,155,728,0,1971,114,01097,7.318405243036592,20.061896959766976,17.59530791788856,7.711821410451547,28.458498023715414
01097006503,Census Tract 65.03; Mobile County; Alabama,37.7,3640,2696,738,181,1229,15,1560,0,3640,254,118555,1229,92,1229,7,107,0,3606,29,26,58,7,1229,31,01097,20.274725274725274,6.978021978021978,3.327787021630616,1.2205044751830756,0
01097006504,Census Tract 65.04; Mobile County; Alabama,43.3,4156,3712,0,191,1449,20,2108,0,4156,238,96458,1449,193,1568,11,164,0,4156,73,132,72,0,1449,60,01097,0,5.726660250240616,6.665062560153994,1.3802622498274673,0
01097006505,Census Tract 65.05; Mobile County; Alabama,32.2,6099,5615,212,0,1836,117,1867,0,6092,253,98986,1836,28,1969,19,84,0,6092,0,78,26,0,1836,275,01097,3.4759796687981637,4.152987524622455,1.707156927117531,6.372549019607843,0
01097006600,Census Tract 66; Mobile County; Alabama,43.4,5253,4115,850,183,2223,60,2299,0,5110,289,59787,2223,61,2511,50,359,45,5141,45,79,469,0,2223,395,01097,16.181229773462782,5.655577299412916,11.534720871425792,2.699055330634278,12.534818941504179
01097006702,Census Tract 67.02; Mobile County; Alabama,38.5,3519,2447,522,176,1248,0,1326,0,3519,969,62162,1248,195,1469,70,202,56,3519,22,207,221,0,1248,211,01097,14.83375959079284,27.536231884057973,12.787723785166241,0,27.722772277227723
01097006703,Census Tract 67.03; Mobile County; Alabama,42.9,2792,2300,283,74,1055,96,1358,0,2787,214,60268,1055,82,1130,17,185,59,2792,0,97,123,0,1055,124,01097,10.136103151862464,7.678507355579476,7.8796561604584525,9.09952606635071,31.89189189189189
01097006704,Census Tract 67.04; Mobile County; Alabama,36.9,4306,2339,1292,26,1247,12,1622,0,4289,474,69115,1247,167,1539,78,139,10,4306,37,98,581,0,1247,99,01097,30.004644681839295,11.051527162508743,16.62796098467255,0.9623095429029671,7.1942446043165464
01097006802,Census Tract 68.02; Mobile County; Alabama,33.8,2975,2037,578,263,1189,61,1517,0,2936,437,52974,1189,225,1330,0,431,210,2952,66,580,292,0,1189,91,01097,19.428571428571427,14.884196185286104,31.775067750677508,5.130361648444071,48.72389791183295
01097006803,Census Tract 68.03; Mobile County; Alabama,37.8,2878,2014,314,243,1072,0,1397,0,2878,38,93667,1072,78,1133,0,98,0,2878,19,200,21,0,1072,58,01097,10.910354412786658,1.320361362056984,8.339124391938846,0,0
01097006804,Census Tract 68.04; Mobile County; Alabama,43.4,5327,3441,1491,51,1933,37,2261,0,5327,538,106250,1933,211,1978,0,318,142,5327,0,39,14,0,1933,65,01097,27.989487516425754,10.099493148113385,0.9949314811338464,1.9141231246766683,44.65408805031446
01097006902,Census Tract 69.02; Mobile County; Alabama,35.4,4745,2867,911,102,1724,68,1603,0,4717,1220,50602,1724,232,1785,0,554,194,4712,148,306,266,0,1724,226,01097,19.199157007376186,25.863896544413823,15.280135823429541,3.9443155452436196,35.018050541516246
01097006903,Census Tract 69.03; Mobile County; Alabama,30,3066,1599,1070,177,1157,98,881,0,3066,961,34354,1157,304,1268,0,561,242,3066,65,150,253,0,1157,0,01097,34.898891063274625,31.343770384866275,15.264187866927593,8.47018150388937,43.13725490196079
01097006904,Census Tract 69.04; Mobile County; Alabama,41.2,4074,3498,393,112,1716,85,1565,0,4048,679,53654,1716,439,1844,0,743,47,4074,19,332,340,0,1716,261,01097,9.646539027982326,16.773715415019762,16.961217476681394,4.953379953379954,6.325706594885599
01097007000,Census Tract 70; Mobile County; Alabama,44.7,4459,4038,175,150,1898,10,1970,0,4459,656,79700,1898,124,2110,60,385,55,4459,52,90,495,0,1898,138,01097,3.924646781789639,14.711818793451446,14.285714285714286,0.5268703898840885,14.285714285714286
01097007101,Census Tract 71.01; Mobile County; Alabama,39.1,3636,2367,692,191,1537,139,1695,0,3636,954,54316,1537,400,1756,0,258,121,3636,58,222,393,0,1537,195,01097,19.03190319031903,26.237623762376238,18.509350935093508,9.043591411841248,46.89922480620155
01097007102,Census Tract 71.02; Mobile County; Alabama,51.7,2273,988,1106,0,1070,35,1052,0,2273,474,65503,1070,133,1220,0,118,28,2273,0,122,53,0,1070,71,01097,48.65816102067752,20.853497580290366,7.699076110866696,3.2710280373831777,23.728813559322035
01097007103,Census Tract 71.03; Mobile County; Alabama,53.8,3646,3185,354,43,1552,37,1490,0,3646,273,82250,1552,207,1799,72,261,24,3646,0,243,312,19,1552,98,01097,9.709270433351618,7.487657707076248,15.743280307185957,2.384020618556701,9.195402298850574
01097007201,Census Tract 72.01; Mobile County; Alabama,40.8,2469,2297,18,84,959,103,1086,0,2469,424,60066,959,201,992,0,160,39,2469,61,54,221,0,959,272,01097,0.7290400972053463,17.172944511948156,13.608748481166463,10.740354535974975,24.375
01097007203,Census Tract 72.03; Mobile County; Alabama,60.9,1944,1785,44,96,876,8,709,0,1928,61,64615,876,11,2283,10,18,3,1944,1,21,130,9,876,59,01097,2.263374485596708,3.163900414937759,8.281893004115226,0.91324200913242,16.666666666666668
01097007204,Census Tract 72.04; Mobile County; Alabama,46.7,1685,1531,33,116,597,9,557,0,1685,249,77784,597,118,756,37,26,0,1685,0,22,123,0,597,92,01097,1.9584569732937684,14.777448071216618,8.6053412462908,1.5075376884422111,0
01097007300,Census Tract 73; Mobile County; Alabama,41.8,3691,2386,151,323,1467,271,1260,0,3691,1066,34202,1467,512,1757,200,708,278,3691,45,359,380,0,1467,175,01097,4.091032240585207,28.88106204280683,21.24085613654836,18.47307430129516,39.26553672316384
01097007400,Census Tract 74; Mobile County; Alabama,36,3013,1587,1101,48,1159,84,1060,32,3013,1140,41146,1159,292,1317,99,631,170,3013,0,156,207,0,1159,165,01097,36.54165283770329,37.83604381015599,12.047792897444408,7.24762726488352,26.94136291600634
01097007500,Census Tract 75; Mobile County; Alabama,51.1,1193,46,1144,2,495,87,367,2,1193,288,28656,495,196,620,111,114,87,1193,7,57,146,0,495,216,01097,95.89270746018441,24.140821458507965,17.60268231349539,17.575757575757574,76.3157894736842
01097007600,Census Tract 76; Mobile County; Alabama,40.7,1691,67,1621,0,619,73,568,58,1691,745,29625,619,132,871,203,267,87,1691,0,94,202,0,619,177,01097,95.86043761088114,44.05677114133649,17.504435245416914,11.793214862681745,32.58426966292135
01097007700,Census Tract 77; Mobile County; Alabama,43.1,947,0,941,0,428,78,317,12,935,347,25471,428,132,731,246,299,55,947,0,92,113,0,428,219,01097,99.36642027455122,37.11229946524064,21.647307286166843,18.22429906542056,18.39464882943144
01097980000,Census Tract 9800; Mobile County; Alabama,20.2,1878,1032,715,63,0,0,796,0,0,0,NA,0,0,0,0,0,0,1878,0,86,0,0,0,0,01097,38.07241746538871,NA,4.579339723109691,NA,NA
01097990000,Census Tract 9900; Mobile County; Alabama,NA,0,0,0,0,0,0,0,0,0,0,NA,0,0,0,0,0,0,0,0,0,0,0,0,0,01097,NA,NA,NA,NA,NA
27053000101,Census Tract 1.01; Hennepin County; Minnesota,36.4,3087,1042,473,635,1127,57,1622,116,3044,531,79821,1127,99,1213,0,138,25,3071,13,107,41,0,1127,113,27053,15.322319403952058,17.444152431011826,5.2425919895799415,5.057675244010648,18.115942028985508
27053000102,Census Tract 1.02; Hennepin County; Minnesota,35.8,5038,1824,1429,562,1860,393,2601,81,4922,482,84524,1860,276,1957,42,509,187,4963,152,159,181,14,1860,176,27053,28.364430329495832,9.79276716781796,10.195446302639532,21.129032258064516,36.73870333988212
27053000300,Census Tract 3; Hennepin County; Minnesota,38.7,3112,2034,626,113,1273,54,1628,42,3112,350,91681,1273,243,1306,36,270,88,3098,55,46,48,29,1273,79,27053,20.115681233933163,11.246786632390746,5.7456423499031635,4.241948153967007,32.592592592592595
27053000601,Census Tract 6.01; Hennepin County; Minnesota,38.8,4206,3197,306,420,1909,98,2543,175,4098,164,97120,1909,50,2047,0,315,50,4098,26,7,178,11,1909,136,27053,7.275320970042796,4.0019521717911175,5.417276720351391,5.133577789418544,15.873015873015873
27053000603,Census Tract 6.03; Hennepin County; Minnesota,42.1,3297,2515,94,325,1375,31,2293,12,3223,143,130625,1375,28,1420,8,103,19,3095,0,7,41,0,1375,64,27053,2.851076736427055,4.436860068259386,1.5508885298869144,2.2545454545454544,18.446601941747574
27053001100,Census Tract 11; Hennepin County; Minnesota,32.6,2216,1355,256,330,946,50,1304,65,2190,271,82466,946,154,960,0,381,101,2216,0,37,29,0,946,30,27053,11.552346570397113,12.374429223744292,2.9783393501805056,5.2854122621564485,26.509186351706038
27053001700,Census Tract 17; Hennepin County; Minnesota,33.8,2232,1446,523,154,1009,92,1281,85,2232,231,65792,1009,83,1066,21,581,116,2232,22,50,140,0,1009,68,27053,23.43189964157706,10.349462365591398,9.498207885304659,9.117938553022794,19.965576592082616
27053002200,Census Tract 22; Hennepin County; Minnesota,27.3,1342,208,833,30,370,62,455,0,1338,404,63125,370,55,414,0,142,54,1342,50,74,49,0,370,17,27053,62.071535022354695,30.194319880418536,12.891207153502236,16.756756756756758,38.028169014084504
27053002400,Census Tract 24; Hennepin County; Minnesota,33.8,2330,1785,306,110,1325,138,1666,69,2326,96,79727,1325,94,1498,0,964,125,2330,0,68,9,0,1325,46,27053,13.133047210300429,4.12725709372313,3.3047210300429186,10.415094339622641,12.966804979253112
27053002700,Census Tract 27; Hennepin County; Minnesota,28.7,2660,642,1016,767,856,96,1245,62,2608,571,81167,856,190,897,0,252,71,2654,188,83,142,0,856,79,27053,38.19548872180451,21.894171779141104,15.561416729464959,11.214953271028037,28.174603174603174
27053003200,Census Tract 32; Hennepin County; Minnesota,30.5,1957,638,1011,198,669,121,834,68,1957,506,55486,669,239,681,0,242,148,1957,43,19,105,0,669,61,27053,51.66070516096065,25.85590189064895,8.533469596320899,18.086696562032884,61.15702479338843
27053003300,Census Tract 33; Hennepin County; Minnesota,23.7,2656,328,1837,125,638,45,1016,81,2642,535,61278,638,320,743,0,315,91,2641,102,22,73,0,638,30,27053,69.16415662650603,20.24981074943225,7.459295721317683,7.053291536050157,28.88888888888889
27053003801,Census Tract 38.01; Hennepin County; Minnesota,25.9,2731,1754,218,380,1488,529,2317,317,2731,479,42361,1488,103,1718,14,1456,339,2731,0,56,264,0,1488,230,27053,7.982424020505309,17.539362870743318,11.717319663127059,35.55107526881721,23.282967032967033
27053003802,Census Tract 38.02; Hennepin County; Minnesota,21,3895,2917,244,396,958,377,2335,343,3164,2173,34931,958,66,1126,0,946,457,3872,0,40,50,0,958,12,27053,6.264441591784339,68.67888748419722,2.324380165289256,39.35281837160752,48.30866807610994
27053005901,Census Tract 59.01; Hennepin County; Minnesota,44,3017,1486,1090,145,1443,683,1136,136,2742,1207,25625,1443,456,1754,28,1400,505,2788,42,21,117,0,1443,312,27053,36.128604574080214,44.01896425966448,6.456241032998565,47.33194733194733,36.07142857142857
27053005902,Census Tract 59.02; Hennepin County; Minnesota,29.4,3308,1128,1433,700,1119,339,1355,190,3154,947,47641,1119,396,1231,0,1001,312,3308,121,106,238,0,1119,205,27053,43.3192261185006,30.02536461636018,14.05683192261185,30.29490616621984,31.16883116883117
27053006800,Census Tract 68; Hennepin County; Minnesota,30.7,4059,2207,809,518,2165,496,2779,549,4059,1173,46943,2165,420,2515,0,1990,512,4059,0,357,330,0,2165,24,27053,19.931017491993103,28.898743532889874,16.925351071692535,22.909930715935335,25.728643216080403
27053007700,Census Tract 77; Hennepin County; Minnesota,28.5,5997,3405,1376,567,3665,384,4503,285,5997,497,76534,3665,417,3756,0,3336,473,5997,0,240,400,0,3665,40,27053,22.944805736201435,8.287477071869269,10.672002668000667,10.4774897680764,14.178657074340528
27053007801,Census Tract 78.01; Hennepin County; Minnesota,26.2,1830,577,649,460,713,84,995,90,1818,464,54250,713,118,728,0,621,164,1830,27,61,146,0,713,120,27053,35.46448087431694,25.522552255225524,12.78688524590164,11.781206171107995,26.40901771336554
27053008100,Census Tract 81; Hennepin County; Minnesota,28.2,3753,2801,304,411,1873,199,2889,276,3677,559,75938,1873,41,1980,0,1396,215,3688,10,298,100,0,1873,45,27053,8.100186517452704,15.202610824041338,11.062906724511931,10.624666310731447,15.401146131805158
27053008200,Census Tract 82; Hennepin County; Minnesota,31.6,3846,1929,1235,289,2133,606,2169,336,3704,1094,51191,2133,469,2174,0,1563,421,3704,0,75,49,0,2133,78,27053,32.111284451378054,29.535637149028076,3.347732181425486,28.41068917018284,26.93538067818298
27053008300,Census Tract 83; Hennepin County; Minnesota,25.5,2145,820,777,667,579,87,982,125,2145,708,70404,579,114,608,0,357,88,2145,0,129,43,0,579,40,27053,36.22377622377623,33.00699300699301,8.018648018648019,15.025906735751295,24.649859943977592
27053008400,Census Tract 84; Hennepin County; Minnesota,28.8,2466,1112,643,458,706,48,1102,70,2432,192,93958,706,84,779,0,206,34,2444,11,34,49,0,706,40,27053,26.074614760746147,7.894736842105263,3.8461538461538463,6.798866855524079,16.50485436893204
27053008500,Census Tract 85; Hennepin County; Minnesota,32.7,3639,1728,334,992,1639,109,1963,193,3639,481,64625,1639,158,1829,0,732,157,3639,0,87,35,0,1639,114,27053,9.178345699367958,13.217917010167628,3.352569387194284,6.65039658328249,21.44808743169399
27053009500,Census Tract 95; Hennepin County; Minnesota,35.8,2476,1668,372,492,1012,120,1454,119,2476,184,76458,1012,126,1084,0,377,75,2476,35,138,64,0,1012,43,27053,15.024232633279484,7.431340872374798,9.5718901453958,11.857707509881424,19.893899204244033
27053009600,Census Tract 96; Hennepin County; Minnesota,36.2,3371,1766,252,1024,1315,106,1835,158,3371,599,86734,1315,80,1398,0,345,51,3371,24,88,286,0,1315,72,27053,7.475526549985168,17.769207950163157,11.806585582913081,8.060836501901141,14.782608695652174
27053010600,Census Tract 106; Hennepin County; Minnesota,39,3154,2898,0,86,1260,14,1641,23,3154,52,156574,1260,15,1279,0,237,16,3154,0,40,40,0,1260,34,27053,0,1.648700063411541,2.5364616360177554,1.1111111111111112,6.751054852320675
27053010700,Census Tract 107; Hennepin County; Minnesota,40.5,2574,2203,64,65,985,5,1384,29,2569,111,143080,985,6,1018,0,156,6,2574,35,17,76,0,985,7,27053,2.4864024864024863,4.32074737251849,4.972804972804973,0.5076142131979695,3.8461538461538463
27053011000,Census Tract 110; Hennepin County; Minnesota,36.8,3663,2645,460,471,1590,8,2284,79,3649,94,109722,1590,105,1590,4,316,6,3652,0,7,47,0,1590,0,27053,12.558012558012559,2.576048232392436,1.4786418400876231,0.5031446540880503,1.8987341772151898
27053011703,Census Tract 117.03; Hennepin County; Minnesota,42.2,3917,3430,19,225,1597,6,2270,33,3917,193,156722,1597,7,1691,22,180,28,3917,0,0,0,0,1597,7,27053,0.4850651008424815,4.9272402348736275,0,0.37570444583594237,15.555555555555555
27053011704,Census Tract 117.04; Hennepin County; Minnesota,42.9,3283,2894,114,85,1350,56,1944,52,3272,64,173382,1350,15,1361,0,63,0,3283,0,10,0,0,1350,38,27053,3.4724337496192508,1.9559902200488997,0.3045994517209869,4.148148148148148,0
27053011800,Census Tract 118; Hennepin County; Minnesota,38.4,4513,3989,11,396,1921,18,2762,100,4513,79,121450,1921,29,1994,0,215,56,4513,0,66,23,0,1921,1,27053,0.2437403057832927,1.750498559716375,1.9720806558830046,0.9370119729307652,26.046511627906977
27053011998,Census Tract 119.98; Hennepin County; Minnesota,41.2,4083,3334,154,220,2015,101,2320,128,4068,202,97766,2015,47,2238,0,394,19,4083,0,19,66,0,2015,32,27053,3.7717364682831254,4.96558505408063,2.0818025961302964,5.012406947890819,4.822335025380711
27053012001,Census Tract 120.01; Hennepin County; Minnesota,37.5,6420,5226,489,300,2560,45,3572,29,6420,89,146117,2560,127,2599,0,458,81,6420,0,0,0,0,2560,57,27053,7.616822429906542,1.3862928348909658,0,1.7578125,17.685589519650655
27053012003,Census Tract 120.03; Hennepin County; Minnesota,33.2,5519,3883,938,462,2449,53,3060,85,5519,819,97125,2449,199,2518,0,1112,169,5519,50,261,170,0,2449,120,27053,16.995832578365647,14.839644863199855,8.715346983149121,2.1641486320947325,15.197841726618705
27053012101,Census Tract 121.01; Hennepin County; Minnesota,35.1,3011,1697,750,501,1174,175,1634,91,3003,768,84185,1174,222,1291,0,431,141,3011,12,37,167,0,1174,53,27053,24.908668216539354,25.574425574425575,7.173696446363334,14.906303236797275,32.71461716937355
27053012102,Census Tract 121.02; Hennepin County; Minnesota,37.7,3615,2213,199,948,1453,0,2313,123,3522,140,94704,1453,59,1518,0,282,45,3615,0,84,158,0,1453,35,27053,5.504840940525588,3.975014196479273,6.69432918395574,0,15.957446808510639
27053020101,Census Tract 201.01; Hennepin County; Minnesota,44.5,3223,3006,2,94,1213,45,1662,32,3223,56,159028,1213,35,1259,0,0,0,3223,0,16,10,0,1213,58,27053,0.06205398696866274,1.7375116351225566,0.8067018305926156,3.709810387469085,NA
27053020102,Census Tract 201.02; Hennepin County; Minnesota,40.2,2550,2363,20,0,1148,56,1114,0,2528,47,94198,1148,17,1239,0,384,79,2528,0,0,0,0,1148,211,27053,0.7843137254901961,1.8591772151898733,0,4.878048780487805,20.572916666666668
27053020201,Census Tract 202.01; Hennepin County; Minnesota,33.2,2697,672,1080,246,940,225,1218,36,2697,507,46094,940,338,974,25,636,329,2697,185,107,16,13,940,12,27053,40.04449388209121,18.798665183537263,11.902113459399333,23.93617021276596,51.729559748427675
27053020202,Census Tract 202.02; Hennepin County; Minnesota,31.9,5537,1688,2768,652,1912,167,2678,100,5537,643,69549,1912,366,1932,42,1144,135,5537,25,110,435,49,1912,48,27053,49.99096983926314,11.612786707603396,11.179338992234062,8.734309623430962,11.8006993006993
27053020301,Census Tract 203.01; Hennepin County; Minnesota,31.4,2847,875,646,448,816,42,1353,36,2818,93,93879,816,139,823,0,138,3,2832,14,77,38,0,816,54,27053,22.690551457674744,3.300212916962385,4.555084745762712,5.147058823529412,2.1739130434782608
27053020302,Census Tract 203.02; Hennepin County; Minnesota,32.5,2925,672,1565,96,998,186,1486,126,2771,311,60983,998,180,1045,0,555,94,2771,53,43,113,0,998,70,27053,53.504273504273506,11.22338505954529,7.542403464453266,18.637274549098198,16.936936936936938
27053020303,Census Tract 203.03; Hennepin County; Minnesota,35.8,4104,1705,699,637,1305,72,1959,39,4077,369,94095,1305,107,1394,0,203,23,4104,83,104,161,0,1305,105,27053,17.03216374269006,9.050772626931566,8.47953216374269,5.517241379310345,11.330049261083744
27053020304,Census Tract 203.04; Hennepin County; Minnesota,38.2,3732,1251,1062,307,1259,32,1716,94,3730,220,65288,1259,190,1263,0,501,22,3730,32,32,238,0,1259,78,27053,28.456591639871384,5.898123324396783,8.09651474530831,2.5416997617156474,4.391217564870259
27053020400,Census Tract 204; Hennepin County; Minnesota,32.3,5050,1763,1881,669,2037,133,2263,73,5016,836,60625,2037,279,2133,0,844,388,5045,49,235,185,0,2037,80,27053,37.24752475247525,16.666666666666668,9.29633300297324,6.529209621993127,45.97156398104266
27053020500,Census Tract 205; Hennepin County; Minnesota,31.2,3705,1485,854,920,1281,95,1933,68,3705,539,87228,1281,166,1294,0,129,22,3705,5,93,110,0,1281,71,27053,23.049932523616736,14.547908232118758,5.614035087719298,7.41608118657299,17.05426356589147
27053020600,Census Tract 206; Hennepin County; Minnesota,39.1,2214,805,585,363,758,28,1055,6,2214,240,79457,758,105,765,0,162,32,2208,53,53,138,13,758,29,27053,26.422764227642276,10.840108401084011,11.639492753623188,3.6939313984168867,19.753086419753085
27053020700,Census Tract 207; Hennepin County; Minnesota,39.5,4066,3154,387,13,1706,100,2180,0,4066,350,90185,1706,165,1743,0,343,183,4066,34,41,59,10,1706,86,27053,9.517953762911953,8.607968519429415,3.541564190850959,5.861664712778429,53.352769679300295
27053020801,Census Tract 208.01; Hennepin County; Minnesota,41.8,1872,1431,288,44,886,67,1069,21,1872,146,78462,886,59,956,0,117,25,1867,14,22,69,0,886,76,27053,15.384615384615385,7.799145299145299,5.623995715050884,7.562076749435666,21.367521367521366
27053020804,Census Tract 208.04; Hennepin County; Minnesota,35.8,2966,1852,737,188,1232,101,1532,137,2961,336,76325,1232,144,1323,0,432,169,2961,61,78,147,8,1232,81,27053,24.848280512474712,11.347517730496454,9.929078014184396,8.198051948051948,39.120370370370374
27053020902,Census Tract 209.02; Hennepin County; Minnesota,39.9,2513,1811,135,298,928,0,1449,6,2490,96,110250,928,53,928,0,102,0,2513,21,25,94,16,928,11,27053,5.372065260644648,3.855421686746988,6.2077198567449265,0,0
27053020903,Census Tract 209.03; Hennepin County; Minnesota,39.3,2928,2426,101,217,1147,0,1818,21,2899,376,99482,1147,22,1180,0,94,29,2928,0,108,27,0,1147,29,27053,3.449453551912568,12.969989651604001,4.610655737704918,0,30.851063829787233
27053021001,Census Tract 210.01; Hennepin County; Minnesota,33.9,6415,3198,1261,1349,2522,177,3560,210,6280,279,82409,2522,76,2522,0,765,175,6303,0,140,316,3,2522,197,27053,19.65705378020265,4.442675159235669,7.282246549262256,7.0182394924662965,22.875816993464053
27053021002,Census Tract 210.02; Hennepin County; Minnesota,42.5,1738,1340,234,88,761,92,787,42,1723,149,84792,761,6,834,0,312,173,1723,0,5,13,0,761,71,27053,13.463751438434983,8.647707486941382,1.044689495066744,12.089356110381077,55.44871794871795
27053021100,Census Tract 211; Hennepin County; Minnesota,40,1651,1249,122,196,816,82,1098,25,1636,258,82500,816,85,856,0,122,14,1651,33,6,26,0,816,50,27053,7.389460932768019,15.770171149144254,3.937007874015748,10.049019607843137,11.475409836065573
27053021200,Census Tract 212; Hennepin County; Minnesota,39.5,4568,3122,711,658,1931,70,2761,8,4553,245,107370,1931,114,2003,0,357,43,4543,0,27,0,18,1931,115,27053,15.564798598949212,5.381067428069405,0.9905348888399735,3.625064733298809,12.044817927170868
27053021300,Census Tract 213; Hennepin County; Minnesota,37.1,4996,3127,1002,554,2446,555,2676,144,4957,503,72135,2446,302,2529,0,1133,399,4957,25,90,127,0,2446,326,27053,20.056044835868693,10.147266491829736,4.881985071615897,22.69010629599346,35.216240070609004
27053021400,Census Tract 214; Hennepin County; Minnesota,36,3103,2023,828,103,1251,47,1524,34,2981,600,91310,1251,227,1251,0,310,130,2981,0,66,58,0,1251,43,27053,26.683854334514987,20.127474002012747,4.1596779604159675,3.7569944044764187,41.935483870967744
27053021501,Census Tract 215.01; Hennepin County; Minnesota,42.1,4728,2827,1537,295,2037,197,2389,35,4458,482,78558,2037,200,2133,0,995,358,4442,31,255,154,0,2037,186,27053,32.508460236886634,10.812023328847017,9.905447996398019,9.671084928816887,35.97989949748744
27053021502,Census Tract 215.02; Hennepin County; Minnesota,35.3,4207,1451,2256,272,1556,272,1755,43,3829,688,56200,1556,314,1732,87,1009,261,3829,27,160,180,0,1556,199,27053,53.624910862847635,17.968137895011754,9.584747975972839,17.480719794344473,25.867195242814667
27053021503,Census Tract 215.03; Hennepin County; Minnesota,42.9,4147,2865,571,366,1953,103,2307,0,4147,619,64355,1953,417,1953,0,1064,188,4147,0,43,86,0,1953,142,27053,13.768989631058597,14.926452857487341,3.110682421027249,5.273937532002048,17.669172932330827
27053021504,Census Tract 215.04; Hennepin County; Minnesota,41.8,3468,2578,339,88,1545,28,1842,10,3468,236,72306,1545,129,1570,0,450,96,3468,0,26,93,0,1545,211,27053,9.77508650519031,6.805074971164936,3.4313725490196076,1.8122977346278317,21.333333333333332
27053021505,Census Tract 215.05; Hennepin County; Minnesota,37.9,5039,3628,1069,246,2148,97,2826,26,4937,412,91607,2148,205,2154,0,939,190,4937,0,49,157,7,2148,102,27053,21.21452669180393,8.345148875835527,4.314360947944095,4.515828677839851,20.23429179978701
27053021601,Census Tract 216.01; Hennepin County; Minnesota,41.9,4681,3642,479,212,2051,124,2564,41,4681,493,91392,2051,97,2051,0,485,106,4681,78,5,207,26,2051,48,27053,10.232856227301859,10.531937620166632,6.750694296090579,6.045831301803998,21.855670103092784
27053021602,Census Tract 216.02; Hennepin County; Minnesota,50.8,5408,4026,519,315,2678,502,2385,47,5188,841,76782,2678,180,2929,0,1213,296,5188,0,32,13,0,2678,268,27053,9.596893491124261,16.21048573631457,0.8673862760215882,18.745332337565348,24.402308326463313
27053021700,Census Tract 217; Hennepin County; Minnesota,44.3,5227,4694,118,219,2055,0,3035,70,5140,208,155592,2055,0,2110,0,115,33,5182,54,71,6,0,2055,83,27053,2.2575090874306487,4.046692607003891,2.5279814743342337,0,28.695652173913043
27053021800,Census Tract 218; Hennepin County; Minnesota,43.7,2257,1768,171,144,967,82,1102,7,2257,40,139526,967,34,1126,0,154,55,2257,0,13,0,0,967,11,27053,7.576428887904298,1.7722640673460346,0.5759858218874613,8.479834539813858,35.714285714285715
27053021900,Census Tract 219; Hennepin County; Minnesota,38.7,4354,3768,227,162,1920,109,2440,125,4343,166,111597,1920,43,2086,30,935,120,4349,0,0,39,0,1920,7,27053,5.213596692696371,3.8222426893852175,0.8967578753736491,5.677083333333333,12.834224598930481
27053022000,Census Tract 220; Hennepin County; Minnesota,30.7,2348,1892,108,85,1453,54,1910,19,2348,262,86797,1453,30,1554,0,895,131,2348,0,0,39,0,1453,14,27053,4.599659284497444,11.158432708688245,1.6609880749574106,3.7164487267721955,14.636871508379889
27053022101,Census Tract 221.01; Hennepin County; Minnesota,32.8,2539,1850,154,205,1313,85,1748,85,2539,186,103549,1313,46,1415,0,675,51,2539,35,91,30,0,1313,115,27053,6.065380070894053,7.325718786923986,6.1441512406459236,6.473724295506473,7.555555555555555
27053022102,Census Tract 221.02; Hennepin County; Minnesota,38.1,2808,2162,393,34,1479,118,1563,46,2717,94,69813,1479,53,1505,0,536,89,2717,0,22,44,0,1479,0,27053,13.995726495726496,3.4596981965403018,2.42914979757085,7.978363759296822,16.604477611940297
27053022200,Census Tract 222; Hennepin County; Minnesota,37.2,4630,4067,0,193,2135,33,2871,0,4630,155,117658,2135,0,2261,0,543,0,4630,10,135,84,0,2135,56,27053,0,3.347732181425486,4.946004319654428,1.5456674473067915,0
27053022301,Census Tract 223.01; Hennepin County; Minnesota,59.2,2007,1883,34,5,967,161,902,26,1783,66,84850,967,72,1004,0,272,111,1783,0,13,0,0,967,85,27053,1.6940707523667164,3.7016264722378014,0.7291082445316882,16.649431230610134,40.80882352941177
27053022302,Census Tract 223.02; Hennepin County; Minnesota,30.7,3956,2330,207,471,1563,213,1784,49,3758,1062,63125,1563,201,1622,0,881,232,3758,39,144,85,0,1563,205,27053,5.232558139534884,28.25971261309207,7.131452900478978,13.62763915547025,26.333711691259932
27053022400,Census Tract 224; Hennepin County; Minnesota,38,3737,2821,137,107,1644,93,2297,80,3651,374,116048,1644,76,1705,0,243,78,3651,11,66,36,0,1644,69,27053,3.666042279903666,10.243768830457409,3.0950424541221584,5.656934306569343,32.098765432098766
27053022700,Census Tract 227; Hennepin County; Minnesota,35.6,3881,2623,555,366,1825,68,2439,42,3881,338,102292,1825,92,1900,0,685,67,3881,46,85,114,0,1825,51,27053,14.300438031435197,8.709095593919093,6.312805977840763,3.7260273972602738,9.781021897810218
27053022801,Census Tract 228.01; Hennepin County; Minnesota,38.1,2454,2093,0,51,918,0,1108,6,2454,31,166613,918,7,951,0,30,0,2454,4,6,0,0,918,13,27053,0,1.263243683781581,0.40749796251018744,0,0
27053022802,Census Tract 228.02; Hennepin County; Minnesota,32.8,3559,2928,203,186,2065,113,2401,57,3543,231,73953,2065,146,2164,0,1413,119,3559,30,19,10,3,2065,64,27053,5.703849395897724,6.5198983911939035,1.7420623770722112,5.472154963680388,8.421797593772116
27053022901,Census Tract 229.01; Hennepin County; Minnesota,35.1,5310,4557,86,516,3079,343,3402,216,5256,315,92036,3079,43,3324,0,2049,308,5256,0,48,47,0,3079,151,27053,1.6195856873822976,5.993150684931507,1.8074581430745815,11.13998051315362,15.031722791605661
27053022902,Census Tract 229.02; Hennepin County; Minnesota,38.2,2035,1756,107,89,776,4,1189,6,2035,58,158500,776,24,788,0,55,4,2035,28,0,0,0,776,18,27053,5.257985257985258,2.85012285012285,1.375921375921376,0.5154639175257731,7.2727272727272725
27053023000,Census Tract 230; Hennepin County; Minnesota,34.6,4338,3722,160,282,2301,45,2817,70,4311,105,132604,2301,0,2540,0,1098,54,4311,0,86,0,0,2301,0,27053,3.6883356385431076,2.4356297842727908,1.994896775690095,1.955671447196871,4.918032786885246
27053023100,Census Tract 231; Hennepin County; Minnesota,38.9,2062,1617,8,60,740,6,907,5,2062,62,195000,740,0,740,0,37,9,2062,24,5,13,0,740,16,27053,0.3879728419010669,3.0067895247332688,2.0368574199806013,0.8108108108108109,24.324324324324323
27053023201,Census Tract 232.01; Hennepin County; Minnesota,43.1,2276,1550,190,377,1026,97,1078,58,2143,193,64633,1026,35,1049,18,565,157,2143,0,32,14,0,1026,118,27053,8.347978910369068,9.006066262249183,2.1465235650956602,9.454191033138402,27.787610619469028
27053023202,Census Tract 232.02; Hennepin County; Minnesota,30.7,4092,1627,1169,150,2101,188,2115,0,4092,514,57734,2101,259,2327,0,1763,468,4092,126,340,0,0,2101,127,27053,28.56793743890518,12.561094819159335,11.388074291300098,8.948119942884341,26.545660805445262
27053023300,Census Tract 233; Hennepin County; Minnesota,42.4,5948,5028,330,264,3278,302,3215,140,5948,455,79179,3278,289,3440,14,1820,330,5948,0,43,17,0,3278,123,27053,5.54808338937458,7.649630127774041,1.0087424344317417,9.212934716290421,18.13186813186813
27053023401,Census Tract 234.01; Hennepin County; Minnesota,42.4,4597,2729,1450,235,2430,305,2595,60,4495,597,73359,2430,196,2529,14,1488,303,4495,0,83,101,0,2430,221,27053,31.542310202305853,13.281423804226918,4.093437152391546,12.551440329218106,20.362903225806452
27053023402,Census Tract 234.02; Hennepin County; Minnesota,35.7,1783,1164,552,8,688,110,1026,38,1783,82,118349,688,29,760,0,333,99,1783,0,0,38,0,688,4,27053,30.959057767807067,4.598990465507572,2.131239484015704,15.988372093023257,29.72972972972973
27053023501,Census Tract 235.01; Hennepin County; Minnesota,50.6,3643,2917,57,262,1772,143,1903,18,3639,143,102404,1772,80,1865,0,596,144,3639,0,30,55,0,1772,135,27053,1.5646445237441668,3.9296510030228085,2.3358065402583126,8.06997742663657,24.161073825503355
27053023502,Census Tract 235.02; Hennepin County; Minnesota,45.2,6533,5925,96,57,2676,11,3250,11,6533,195,120143,2676,0,2792,16,629,159,6533,0,0,42,16,2676,92,27053,1.4694627276901884,2.984846165620695,0.8878003979794887,0.4110612855007474,25.278219395866454
27053023600,Census Tract 236; Hennepin County; Minnesota,48.4,4039,3654,0,88,1478,59,2054,0,4039,70,250001,1478,0,1566,0,146,4,4039,9,6,20,0,1478,54,27053,0,1.733102253032929,0.8665511265164645,3.9918809201623815,2.73972602739726
27053023700,Census Tract 237; Hennepin County; Minnesota,49.3,5444,4905,0,242,2126,54,2783,31,5413,265,202143,2126,69,2261,0,331,157,5413,8,0,24,0,2126,79,27053,0,4.895621651579531,0.59116940698318865,2.539981185324553,47.43202416918429
27053023801,Census Tract 238.01; Hennepin County; Minnesota,37,5437,4661,72,91,1899,22,2623,0,5427,69,202337,1899,13,1998,32,230,38,5433,23,5,68,9,1899,20,27053,1.324259702041567,1.271420674405749,1.9326339039204858,1.1585044760400212,16.52173913043478
27053023802,Census Tract 238.02; Hennepin County; Minnesota,39.8,2858,2454,51,164,1061,23,1415,21,2858,26,179844,1061,22,1076,0,45,0,2858,0,20,18,0,1061,12,27053,1.7844646606018195,0.9097270818754374,1.3296011196641007,2.167766258246937,0
27053023901,Census Tract 239.01; Hennepin County; Minnesota,35.8,4258,3225,15,98,1386,22,2007,0,4238,0,180978,1386,49,1420,0,62,0,4258,9,0,0,0,1386,0,27053,0.3522780648191639,0,0.21136683889149835,1.5873015873015872,0
27053023902,Census Tract 239.02; Hennepin County; Minnesota,44.7,1850,1607,47,52,612,5,844,1,1844,37,250001,612,0,652,0,7,0,1844,7,0,0,0,612,5,27053,2.5405405405405403,2.0065075921908893,0.3796095444685466,0.8169934640522876,0
27053023903,Census Tract 239.03; Hennepin County; Minnesota,50,3303,2420,156,93,1526,0,1473,0,3301,165,139000,1526,8,1648,46,271,16,3303,13,8,33,0,1526,43,27053,4.72297910990009,4.998485307482581,1.6348773841961852,0,5.904059040590406
27053024003,Census Tract 240.03; Hennepin County; Minnesota,37,4650,3307,113,663,2057,225,2341,22,4577,538,86126,2057,84,2153,0,1123,377,4577,26,0,182,0,2057,226,27053,2.4301075268817205,11.754424295389994,4.544461437622897,10.938259601361205,33.57079252003562
27053024004,Census Tract 240.04; Hennepin County; Minnesota,68.5,3816,3112,173,27,2696,481,1305,11,3709,405,61061,2696,146,3108,0,1369,239,3709,0,0,8,0,2696,194,27053,4.533542976939203,10.919385279050957,0.21569156106767323,17.841246290801188,17.45799853907962
27053024005,Census Tract 240.05; Hennepin County; Minnesota,42.9,3050,2252,547,34,1847,254,1714,46,2880,296,67569,1847,154,1965,8,1329,253,2753,0,29,20,0,1847,128,27053,17.934426229508198,10.277777777777779,1.7798764983654196,13.752030319436924,19.036869826937547
27053024006,Census Tract 240.06; Hennepin County; Minnesota,52.1,2182,1789,41,134,929,62,1015,11,2182,36,158603,929,0,992,9,117,60,2182,0,6,14,0,929,30,27053,1.8790100824931255,1.6498625114573786,0.916590284142988,6.673842841765339,51.282051282051285
27053024100,Census Tract 241; Hennepin County; Minnesota,42.2,3352,2597,202,385,1554,107,2040,88,3352,186,92606,1554,32,1625,0,417,96,3352,0,75,41,0,1554,157,27053,6.026252983293556,5.548926014319809,3.460620525059666,6.885456885456885,23.02158273381295
27053024200,Census Tract 242; Hennepin County; Minnesota,43.6,3235,2759,326,153,1356,25,1812,54,3235,86,135119,1356,46,1356,0,140,12,3235,16,21,41,0,1356,19,27053,10.077279752704792,2.6584234930448223,2.41112828438949,1.8436578171091444,8.571428571428571
27053024300,Census Tract 243; Hennepin County; Minnesota,33.1,4683,3240,333,384,2410,245,2955,129,4679,419,71806,2410,75,2469,0,1674,309,4683,0,99,114,0,2410,67,27053,7.110826393337604,8.954904894208164,4.548366431774504,10.16597510373444,18.45878136200717
27053024400,Census Tract 244; Hennepin County; Minnesota,59.4,4182,2866,346,706,2336,380,1944,95,4182,212,70500,2336,33,2528,0,1085,306,4182,0,83,52,0,2336,300,27053,8.273553323768532,5.06934481109517,3.2281205164992826,16.267123287671232,28.202764976958527
27053024500,Census Tract 245; Hennepin County; Minnesota,37.8,2452,1841,45,328,910,8,1324,44,2408,160,108421,910,11,910,0,65,0,2438,67,95,152,0,910,15,27053,1.8352365415986949,6.644518272425249,12.87940935192781,0.8791208791208791,0
27053024600,Census Tract 246; Hennepin County; Minnesota,38.2,4079,2491,789,301,1882,191,2300,58,4079,254,85290,1882,40,1907,0,720,233,4076,0,43,15,75,1882,82,27053,19.342976219661683,6.227016425594509,3.2630029440628068,10.148777895855472,32.361111111111114
27053024700,Census Tract 247; Hennepin County; Minnesota,37.5,3092,2099,190,559,1255,58,1771,61,3092,169,114213,1255,80,1295,28,198,8,3092,0,11,29,0,1255,74,27053,6.144890038809832,5.465717981888745,1.2936610608020698,4.621513944223108,4.040404040404041
27053024801,Census Tract 248.01; Hennepin County; Minnesota,39.4,2765,1358,110,941,1061,135,1504,84,2755,150,72151,1061,180,1061,7,314,157,2756,13,32,213,6,1061,173,27053,3.9783001808318263,5.44464609800363,9.57910014513788,12.723845428840717,50
27053024802,Census Tract 248.02; Hennepin County; Minnesota,38.5,2880,1426,504,897,1126,273,1372,68,2743,546,63135,1126,321,1187,0,683,170,2743,53,12,257,0,1126,243,27053,17.5,19.90521327014218,11.738971928545388,24.24511545293073,24.890190336749633
27053024903,Census Tract 249.03; Hennepin County; Minnesota,38.3,2224,811,360,923,829,127,1161,88,2219,254,86406,829,88,860,0,387,94,2219,17,61,206,0,829,51,27053,16.18705035971223,11.446597566471384,12.798557908968004,15.319662243667068,24.289405684754524
27053024904,Census Tract 249.04; Hennepin County; Minnesota,35.1,3781,1788,505,1166,1502,130,2024,99,3776,222,80833,1502,113,1561,0,409,75,3773,210,28,163,5,1502,70,27053,13.356254959005554,5.879237288135593,10.760667903525047,8.655126498002662,18.337408312958434
27053025100,Census Tract 251; Hennepin County; Minnesota,31.4,3632,1885,460,486,1853,118,2362,134,3613,707,71066,1853,248,2071,0,1411,287,3613,84,199,104,0,1853,85,27053,12.665198237885463,19.568225851093274,10.711320232493772,6.368051807879115,20.340184266477674
27053025201,Census Tract 252.01; Hennepin County; Minnesota,31.7,5465,2013,1663,1596,1749,148,2791,268,5287,733,70250,1749,315,1815,42,1000,179,5465,136,168,329,0,1749,54,27053,30.430009149130832,13.864195195763193,11.582799634034767,8.461978273299028,17.9
27053025205,Census Tract 252.05; Hennepin County; Minnesota,35.3,5296,2458,1368,1261,1969,80,2486,101,5291,613,80037,1969,87,2024,0,658,118,5291,79,103,108,0,1969,191,27053,25.830815709969787,11.585711585711586,5.481005481005481,4.062976130015236,17.933130699088146
27053025301,Census Tract 253.01; Hennepin County; Minnesota,55,2882,2367,87,293,1202,140,1419,38,2688,116,101875,1202,11,1203,0,319,63,2688,0,31,31,0,1202,47,27053,3.018736988202637,4.315476190476191,2.306547619047619,11.647254575707155,19.74921630094044
27053025302,Census Tract 253.02; Hennepin County; Minnesota,44.1,4823,3040,1073,134,2098,250,2372,160,4823,1265,59058,2098,339,2117,0,914,304,4823,28,110,104,0,2098,168,27053,22.24756375699772,26.228488492639435,5.017623885548414,11.916110581506196,33.26039387308534
27053025401,Census Tract 254.01; Hennepin County; Minnesota,38.4,4141,2282,368,1257,1579,102,2106,82,4130,598,78583,1579,103,1607,0,343,77,4141,321,90,202,0,1579,143,27053,8.886742332769863,14.479418886198546,14.803187635836755,6.459784673844205,22.448979591836736
27053025403,Census Tract 254.03; Hennepin County; Minnesota,36.7,4365,2151,968,632,1699,136,2277,214,4253,824,63618,1699,211,1882,0,722,184,4311,29,41,20,0,1699,55,27053,22.17640320733104,19.374559134728425,2.0876826722338206,8.004708652148322,25.484764542936286
27053025601,Census Tract 256.01; Hennepin County; Minnesota,44.3,2527,1847,304,268,1248,208,1470,40,2527,241,84853,1248,194,1275,0,664,33,2527,0,0,36,11,1248,96,27053,12.030075187969924,9.537000395726157,1.8599129402453503,16.666666666666668,4.969879518072289
27053025603,Census Tract 256.03; Hennepin County; Minnesota,39.3,3639,2863,190,281,1492,32,1783,39,3631,273,100455,1492,33,1556,0,203,58,3631,3,49,61,0,1492,28,27053,5.221214619400934,7.518589920132195,3.112090333241531,2.1447721179624666,28.571428571428573
27053025605,Census Tract 256.05; Hennepin County; Minnesota,40.4,3688,2740,394,240,1778,45,2239,23,3688,94,82647,1778,38,1841,0,673,55,3688,11,208,216,0,1778,52,27053,10.683297180043384,2.5488069414316703,11.795010845986985,2.530933633295838,8.172362555720653
27053025702,Census Tract 257.02; Hennepin County; Minnesota,45.9,5510,3904,199,102,2180,294,2801,14,5373,90,112778,2180,66,2256,49,747,176,5373,29,9,35,0,2180,209,27053,3.6116152450090744,1.6750418760469012,1.358645077238042,13.486238532110091,23.56091030789826
27053025703,Census Tract 257.03; Hennepin County; Minnesota,50.3,1988,1691,47,40,945,60,1083,7,1988,170,97094,945,55,960,0,328,73,1973,0,12,0,0,945,74,27053,2.3641851106639837,8.551307847082494,0.6082108464267613,6.349206349206349,22.25609756097561
27053025704,Census Tract 257.04; Hennepin County; Minnesota,37.7,4380,3241,382,264,1924,63,2499,99,4378,109,89269,1924,43,2010,0,628,204,4378,48,11,148,0,1924,113,27053,8.7214611872146115,2.4897213339424393,4.7281863864778435,3.2744282744282742,32.48407643312102
27053025801,Census Tract 258.01; Hennepin County; Minnesota,40,3166,2387,364,29,1603,67,1954,55,3164,196,83507,1603,10,1629,0,872,228,3164,0,277,58,0,1603,60,27053,11.4971572962729,6.1946902654867255,10.587863463969658,4.179663131628197,26.146788990825687
27053025802,Census Tract 258.02; Hennepin County; Minnesota,41.3,2475,2147,7,131,923,10,1332,29,2475,31,123237,923,26,939,0,20,0,2475,0,7,70,0,923,14,27053,0.2828282828282828,1.2525252525252526,3.111111111111111,1.0834236186348862,0
27053025803,Census Tract 258.03; Hennepin County; Minnesota,47.9,3056,2699,44,154,1330,21,1606,0,3051,83,98097,1330,51,1355,0,359,29,3051,0,0,17,0,1330,59,27053,1.4397905759162304,2.7204195345788267,0.557194362504097,1.5789473684210527,8.07799442896936
27053025805,Census Tract 258.05; Hennepin County; Minnesota,51.5,2788,2536,57,0,989,25,1268,13,2492,102,118839,989,25,1068,0,114,60,2445,14,0,20,0,989,94,27053,2.0444763271162123,4.093097913322633,1.3905930470347647,2.5278058645096055,52.63157894736842
27053025905,Census Tract 259.05; Hennepin County; Minnesota,51.4,3495,3191,86,77,1510,91,1425,0,3381,92,130357,1510,0,1678,0,286,148,3381,0,16,35,0,1510,27,27053,2.4606580829756797,2.7210884353741496,1.5084294587400178,6.026490066225166,51.74825174825175
27053025906,Census Tract 259.06; Hennepin County; Minnesota,39.2,5785,4338,528,315,2664,141,3468,29,5785,236,91352,2664,36,2792,21,872,199,5785,58,129,149,0,2664,185,27053,9.127052722558341,4.079515989628349,5.808124459809853,5.292792792792793,22.821100917431192
27053025907,Census Tract 259.07; Hennepin County; Minnesota,44.8,4637,3460,378,560,2184,118,2499,6,4431,92,107417,2184,45,2250,0,132,73,4615,26,52,32,0,2184,91,27053,8.15182229890015,2.076280749266531,2.38353196099675,5.402930402930403,55.303030303030305
27053025908,Census Tract 259.08; Hennepin County; Minnesota,49.4,4134,3753,103,174,2035,53,2284,86,4105,329,106875,2035,73,2133,0,696,113,4134,0,36,33,0,2035,52,27053,2.4915336236090955,8.014616321559075,1.6690856313497824,2.6044226044226044,16.235632183908045
27053025909,Census Tract 259.09; Hennepin County; Minnesota,48.1,3000,2381,139,270,1270,0,1733,16,3000,320,119750,1270,9,1324,13,191,0,3000,0,126,44,0,1270,0,27053,4.633333333333334,10.666666666666666,5.666666666666667,0,0
27053026005,Census Tract 260.05; Hennepin County; Minnesota,44.2,4123,2688,462,339,1568,38,1883,8,4120,501,115753,1568,109,1611,0,329,69,4121,9,8,62,6,1568,59,27053,11.205432937181664,12.160194174757281,2.0626061635525357,2.423469387755102,20.972644376899694
27053026006,Census Tract 260.06; Hennepin County; Minnesota,33.9,3518,2363,642,41,1393,0,1945,21,3518,138,118831,1393,31,1480,0,657,98,3518,49,0,63,0,1393,8,27053,18.24900511654349,3.922683342808414,3.183627060830017,0,14.916286149162861
27053026007,Census Tract 260.07; Hennepin County; Minnesota,40.9,4597,3402,446,213,2121,95,2528,48,4582,308,101598,2121,111,2194,0,877,217,4582,139,22,139,0,2121,45,27053,9.701979551881662,6.7219554779572235,6.547359231776517,4.479019330504479,24.74344355758267
27053026013,Census Tract 260.13; Hennepin County; Minnesota,42.3,5171,3869,65,180,1703,55,3070,162,5171,87,154875,1703,13,1779,0,71,13,5171,0,3,92,12,1703,9,27053,1.257010249468188,1.6824598723651132,2.0692322568168633,3.2295948326482677,18.309859154929576
27053026014,Census Tract 260.14; Hennepin County; Minnesota,42.3,5339,4340,335,152,1970,22,2630,43,5336,47,145811,1970,42,1970,0,112,0,5336,3,0,15,5,1970,41,27053,6.274583255291253,0.8808095952023988,0.43103448275862066,1.116751269035533,0
27053026015,Census Tract 260.15; Hennepin County; Minnesota,39.8,5092,3035,790,410,2027,13,3098,23,5092,489,112813,2027,86,2088,0,267,90,5092,0,0,45,0,2027,0,27053,15.514532600157109,9.603299293008641,0.8837391987431265,0.6413418845584608,33.70786516853933
27053026019,Census Tract 260.19; Hennepin County; Minnesota,31.6,4444,1828,216,345,2146,126,2474,17,4383,341,88932,2146,37,2388,0,1771,217,4383,0,68,0,0,2146,40,27053,4.8604860486048604,7.780059320100388,1.5514487793748575,5.87138863000932,12.25296442687747
27053026020,Census Tract 260.20; Hennepin County; Minnesota,40.1,4988,2914,1136,360,2364,105,2240,27,4964,1102,88523,2364,417,2438,0,1139,329,4920,0,0,131,8,2364,224,27053,22.77465918203689,22.199838839645448,2.8252032520325203,4.441624365482234,28.884986830553117
27053026021,Census Tract 260.21; Hennepin County; Minnesota,44.7,3736,2962,80,166,1531,32,1945,18,3736,123,146442,1531,66,1539,0,186,72,3736,0,0,0,0,1531,64,27053,2.1413276231263385,3.2922912205567454,0,2.0901371652514698,38.70967741935484
27053026023,Census Tract 260.23; Hennepin County; Minnesota,44.5,3603,2678,40,176,1569,0,2107,156,3603,249,136900,1569,55,1569,0,292,40,3603,0,34,3,0,1569,8,27053,1.1101859561476548,6.910907577019151,1.0269220094365805,0,13.698630136986301
27053026024,Census Tract 260.24; Hennepin County; Minnesota,53.3,3360,2703,108,113,1618,29,1772,29,3360,39,105375,1618,0,1618,18,54,29,3360,0,10,70,0,1618,24,27053,3.2142857142857144,1.1607142857142858,2.380952380952381,1.792336217552534,53.7037037037037
27053026025,Census Tract 260.25; Hennepin County; Minnesota,43.7,2571,1749,0,333,805,0,1309,38,2571,33,221472,805,13,868,0,23,0,2571,0,0,0,0,805,14,27053,0,1.2835472578763127,0,0,0
27053026026,Census Tract 260.26; Hennepin County; Minnesota,40.9,5302,3815,0,190,1755,52,2777,58,5302,32,226827,1755,17,1914,19,61,0,5302,0,0,65,0,1755,13,27053,0,0.6035458317615994,1.2259524707657488,2.962962962962963,0
27053026027,Census Tract 260.27; Hennepin County; Minnesota,50.4,3989,3141,141,141,1751,0,2133,49,3970,179,129188,1751,13,1789,14,178,68,3970,15,29,191,0,1751,30,27053,3.53472048132364,4.508816120906801,5.919395465994962,0,38.20224719101124
27053026028,Census Tract 260.28; Hennepin County; Minnesota,34.3,3416,2478,32,51,1118,1,1896,127,3397,90,207750,1118,22,1118,0,183,54,3416,93,46,22,0,1118,5,27053,0.936768149882904,2.6493965263467767,4.713114754098361,0.08944543828264759,29.508196721311474
27053026101,Census Tract 261.01; Hennepin County; Minnesota,48,3281,3191,0,17,1311,19,1733,7,3174,94,161458,1311,27,1372,0,72,15,3174,26,0,0,0,1311,22,27053,0,2.9615626969124134,0.8191556395715186,1.4492753623188406,20.833333333333332
27053026103,Census Tract 261.03; Hennepin County; Minnesota,39.5,3342,2407,122,213,1275,19,1767,43,3332,112,124898,1275,119,1285,0,62,0,3332,0,7,27,0,1275,49,27053,3.6505086774386597,3.361344537815126,1.0204081632653061,1.4901960784313726,0
27053026104,Census Tract 261.04; Hennepin County; Minnesota,37.8,4611,3352,659,151,2623,17,3030,0,4611,435,90014,2623,91,2739,0,1384,130,4611,0,103,43,0,2623,27,27053,14.29191064844936,9.433962264150944,3.1663413576230752,0.6481128478841022,9.393063583815028
27053026201,Census Tract 262.01; Hennepin County; Minnesota,42.3,3748,3165,21,192,1314,0,1808,0,3732,91,151558,1314,0,1331,0,31,15,3732,0,0,23,0,1314,25,27053,0.5602988260405549,2.4383708467309755,0.6162915326902465,0,48.38709677419355
27053026202,Census Tract 262.02; Hennepin County; Minnesota,44.8,2858,2465,63,219,1174,60,1548,7,2841,62,149861,1174,34,1203,0,90,30,2858,0,0,17,0,1174,82,27053,2.2043386983904827,2.1823301654347063,0.5948215535339398,5.1107325383304945,33.333333333333336
27053026205,Census Tract 262.05; Hennepin County; Minnesota,46.4,2863,2432,1,138,1123,43,1486,6,2842,87,152450,1123,0,1211,0,72,23,2860,0,0,36,29,1123,30,27053,0.0349283967865875,3.061224489795918,2.272727272727273,3.8290293855743545,31.944444444444443
27053026206,Census Tract 262.06; Hennepin County; Minnesota,47.5,2997,2689,20,277,1284,246,1376,10,2995,219,127625,1284,45,1370,0,368,202,2995,19,49,35,0,1284,50,27053,0.667334000667334,7.312186978297162,3.4390651085141903,19.1588785046729,54.891304347826086
27053026207,Census Tract 262.07; Hennepin County; Minnesota,43.2,3690,2858,276,44,1591,124,1894,25,3667,234,114476,1591,61,1674,0,535,148,3690,21,18,52,0,1591,34,27053,7.479674796747967,6.381238069266431,2.4661246612466123,7.7938403519798864,27.66355140186916
27053026208,Census Tract 262.08; Hennepin County; Minnesota,49.7,2992,2653,35,47,1189,22,1754,0,2961,148,151328,1189,16,1234,0,49,30,2961,0,12,22,10,1189,29,27053,1.1697860962566844,4.9983113812901045,1.485984464707869,1.8502943650126156,61.224489795918366
27053026301,Census Tract 263.01; Hennepin County; Minnesota,45.4,3749,3447,40,114,1742,110,2148,12,3717,107,170658,1742,9,1952,44,685,142,3731,0,8,0,0,1742,59,27053,1.0669511869831956,2.878665590529997,0.21441972661484857,6.314580941446613,20.72992700729927
27053026302,Census Tract 263.02; Hennepin County; Minnesota,45.5,3335,2954,0,280,1341,19,1722,0,3326,122,136058,1341,38,1407,0,12,4,3335,46,9,56,0,1341,19,27053,0,3.6680697534576066,3.3283358320839582,1.4168530947054436,33.333333333333336
27053026403,Census Tract 264.03; Hennepin County; Minnesota,39.6,3592,2266,495,12,1668,135,1807,103,3592,359,94727,1668,108,1805,0,878,253,3592,12,52,55,0,1668,83,27053,13.780623608017818,9.994432071269488,3.3129175946547886,8.093525179856115,28.815489749430522
27053026404,Census Tract 264.04; Hennepin County; Minnesota,43.5,6046,5372,18,245,2698,48,3113,36,6036,178,152000,2698,58,2785,0,751,96,6036,0,0,0,0,2698,39,27053,0.29771749917300694,2.9489728296885356,0,1.7790956263899185,12.782956058588548
27053026405,Census Tract 264.05; Hennepin County; Minnesota,45.1,2439,1598,179,83,970,35,1083,2,2439,15,103500,970,13,970,0,320,44,2439,0,0,138,0,970,0,27053,7.339073390733907,0.6150061500615006,5.658056580565805,3.6082474226804124,13.75
27053026406,Census Tract 264.06; Hennepin County; Minnesota,36.4,3713,2693,128,159,2045,85,2309,0,3713,270,79838,2045,180,2257,0,1122,173,3713,0,24,84,0,2045,76,27053,3.447347158631834,7.271747912739025,2.90869916509561,4.156479217603912,15.418894830659536
27053026505,Census Tract 265.05; Hennepin County; Minnesota,42.5,3905,3063,221,186,1583,66,2110,14,3879,150,128828,1583,56,1692,0,386,10,3905,39,30,94,0,1583,42,27053,5.659411011523687,3.8669760247486464,4.174135723431498,4.169298799747315,2.5906735751295336
27053026507,Census Tract 265.07; Hennepin County; Minnesota,38.2,4609,3511,340,393,2139,171,2531,38,4587,434,110671,2139,114,2323,0,1013,217,4587,17,52,69,0,2139,13,27053,7.376871338685181,9.461521691737518,3.008502289077829,7.994389901823282,21.42152023692004
27053026508,Census Tract 265.08; Hennepin County; Minnesota,54.2,4763,3849,266,49,2081,0,2825,16,4761,161,130739,2081,0,2201,0,405,13,4763,2,0,43,0,2081,54,27053,5.5847155154314505,3.3816425120772946,0.9447826999790049,0,3.2098765432098766
27053026509,Census Tract 265.09; Hennepin County; Minnesota,43,4888,4103,115,302,1807,36,2693,22,4881,101,167083,1807,8,1838,0,52,28,4881,0,28,32,12,1807,26,27053,2.3527004909983633,2.0692481048965377,1.4751075599262446,1.9922523519645823,53.84615384615385
27053026510,Census Tract 265.10; Hennepin County; Minnesota,36.2,3546,2643,86,258,1638,76,2091,22,3546,219,84898,1638,28,1711,0,740,91,3546,18,15,52,0,1638,86,27053,2.42526790750141,6.175972927241963,2.397067117879301,4.63980463980464,12.297297297297296
27053026511,Census Tract 265.11; Hennepin County; Minnesota,39.7,3652,1797,694,487,1561,55,1843,46,3652,709,82061,1561,104,1664,0,904,191,3652,61,125,67,0,1561,81,27053,19.00328587075575,19.414019715224534,6.927710843373494,3.523382447149263,21.128318584070797
27053026514,Census Tract 265.14; Hennepin County; Minnesota,33,5088,3654,288,226,2278,16,2823,74,5006,271,86360,2278,103,2336,0,1288,209,5088,0,24,59,0,2278,48,27053,5.660377358490566,5.4135037954454654,1.6312893081761006,0.7023705004389815,16.226708074534162
27053026515,Census Tract 265.15; Hennepin County; Minnesota,41.9,2043,1251,404,90,879,32,1021,0,1872,116,88988,879,31,879,0,295,44,1872,21,20,0,0,879,18,27053,19.774840920215368,6.196581196581197,2.1901709401709404,3.6405005688282137,14.915254237288135
27053026516,Census Tract 265.16; Hennepin County; Minnesota,45.6,3631,3220,97,167,1666,17,2039,37,3493,127,100177,1666,27,1672,4,520,104,3631,9,3,35,0,1666,31,27053,2.671440374552465,3.635843114801031,1.2944092536491325,1.0204081632653061,20
27053026605,Census Tract 266.05; Hennepin County; Minnesota,43.2,4092,3218,55,35,1557,63,2011,16,4073,140,156272,1557,30,1614,7,232,28,4087,10,0,62,7,1557,98,27053,1.3440860215053763,3.437269825681316,1.9329581600195742,4.046242774566474,12.068965517241379
27053026606,Census Tract 266.06; Hennepin County; Minnesota,44.7,4923,4400,109,398,1931,49,2504,29,4892,227,144212,1931,70,1931,0,554,46,4923,10,28,46,0,1931,37,27053,2.2140970952671135,4.6402289452166805,1.7062766605728215,2.5375453133091663,8.303249097472925
27053026609,Census Tract 266.09; Hennepin County; Minnesota,47.9,2958,2705,0,41,1163,8,1554,21,2958,65,133144,1163,0,1250,0,15,9,2958,9,11,72,0,1163,15,27053,0,2.1974306964164976,3.110209601081812,0.6878761822871883,60
27053026610,Census Tract 266.10; Hennepin County; Minnesota,47.1,4242,3751,82,101,1600,29,1915,30,4087,63,152614,1600,9,1719,9,98,0,4087,0,0,5,0,1600,75,27053,1.933050447901933,1.5414729630535846,0.12233912405187179,1.8125,0
27053026611,Census Tract 266.11; Hennepin County; Minnesota,39,4897,3731,409,388,2342,240,2762,4,4788,124,91042,2342,160,2467,106,661,50,4879,0,245,126,0,2342,174,27053,8.352052276904226,2.589807852965748,7.604017216642755,10.247651579846286,7.564296520423601
27053026614,Census Tract 266.14; Hennepin County; Minnesota,43.7,3363,2878,0,195,1302,27,1816,0,3363,21,159904,1302,0,1302,0,95,0,3363,0,0,48,0,1302,15,27053,0,0.6244424620874219,1.4272970561998215,2.0737327188940093,0
27053026615,Census Tract 266.15; Hennepin County; Minnesota,40.7,6935,5069,174,200,2836,0,4275,53,6923,146,185351,2836,0,2893,0,530,57,6923,0,0,33,0,2836,0,27053,2.50901225666907,2.108912321248014,0.47667196302181136,0,10.754716981132075
27053026616,Census Tract 266.16; Hennepin County; Minnesota,35.3,10761,5885,536,211,3482,29,5374,51,10761,162,240008,3482,49,3554,0,193,0,10761,117,19,39,0,3482,31,27053,4.980949725861909,1.5054362977418456,1.6262429142273023,0.832854681217691,0
27053026617,Census Tract 266.17; Hennepin County; Minnesota,54.3,1771,1227,74,33,795,63,784,11,1747,38,114125,795,13,893,0,271,119,1747,0,0,25,0,795,64,27053,4.178430265386787,2.1751574127074984,1.4310246136233544,7.9245283018867925,43.91143911439114
27053026702,Census Tract 267.02; Hennepin County; Minnesota,46.2,2601,2133,173,118,1152,130,1342,5,2492,212,66875,1152,86,1238,0,591,118,2502,15,104,93,0,1152,44,27053,6.6512879661668585,8.507223113964686,8.47322142286171,11.284722222222221,19.96615905245347
27053026706,Census Tract 267.06; Hennepin County; Minnesota,49.3,3226,2876,157,169,1300,19,1728,83,3226,52,97857,1300,0,1324,0,11,0,3226,0,0,0,0,1300,19,27053,4.866707997520149,1.611903285802852,0,1.4615384615384615,0
27053026707,Census Tract 267.07; Hennepin County; Minnesota,37.1,5318,4240,597,106,2010,9,2872,44,5289,615,110268,2010,122,2144,61,160,27,5318,26,18,53,0,2010,43,27053,11.226024821361413,11.627906976744185,1.8239939827002634,0.44776119402985076,16.875
27053026708,Census Tract 267.08; Hennepin County; Minnesota,44.2,5718,4911,174,418,2273,21,3451,63,5655,56,149821,2273,35,2308,0,183,21,5655,19,0,24,0,2273,21,27053,3.04302203567681,0.9902740937223696,0.7603890362511052,0.9238891333040036,11.475409836065573
27053026711,Census Tract 267.11; Hennepin County; Minnesota,39.9,3766,3407,246,43,1509,11,2111,66,3735,174,100799,1509,72,1531,0,107,0,3766,0,9,40,0,1509,42,27053,6.532129580456718,4.658634538152611,1.3011152416356877,0.7289595758780649,0
27053026712,Census Tract 267.12; Hennepin County; Minnesota,41.1,3323,2478,249,118,1292,60,1807,0,3317,82,100000,1292,57,1330,70,430,77,3317,54,124,199,0,1292,71,27053,7.4932290099307854,2.4721133554416643,11.365691890262285,4.643962848297214,17.906976744186046
27053026713,Census Tract 267.13; Hennepin County; Minnesota,40.5,4198,3623,130,185,1836,20,2504,31,4161,122,107397,1836,72,1883,5,290,15,4198,22,57,95,0,1836,41,27053,3.0967127203430205,2.9319875030040854,4.144830871843735,1.0893246187363834,5.172413793103448
27053026717,Census Tract 267.17; Hennepin County; Minnesota,37.6,6251,4571,1163,72,2380,38,3588,18,6251,153,113628,2380,56,2470,0,766,246,6251,80,14,246,0,2380,47,27053,18.605023196288595,2.4476083826587747,5.4391297392417215,1.596638655462185,32.114882506527415
27053026718,Census Tract 267.18; Hennepin County; Minnesota,41.6,3761,2979,261,123,1513,147,1789,9,3722,69,135856,1513,28,1578,0,476,224,3722,44,0,33,0,1513,54,27053,6.939643711778782,1.8538420204191295,2.0687802256851153,9.715796430931924,47.05882352941177
27053026719,Census Tract 267.19; Hennepin County; Minnesota,41.2,6247,5362,407,37,2011,0,2963,42,6233,281,179758,2011,52,2173,46,71,0,6247,19,0,11,0,2011,0,27053,6.515127261085321,4.508262473929087,0.48023051064510963,0,0
27053026720,Census Tract 267.20; Hennepin County; Minnesota,41.8,5010,4117,302,16,1753,158,2730,19,5010,311,162366,1753,0,1753,0,14,0,5010,0,14,163,84,1753,13,27053,6.027944111776447,6.2075848303393215,5.209580838323354,9.01312036508842,0
27053026721,Census Tract 267.21; Hennepin County; Minnesota,52.3,2762,2382,137,77,1156,0,1394,14,2762,41,121623,1156,0,1180,0,17,0,2762,0,3,89,0,1156,36,27053,4.960173787110789,1.4844315713251268,3.33091962346126,0,0
27053026722,Census Tract 267.22; Hennepin County; Minnesota,37.4,5011,3624,0,81,1821,8,2690,17,5011,8,190164,1821,41,1821,0,334,49,5011,14,7,27,0,1821,23,27053,0,0.15964877270005987,0.9578926362003592,0.43931905546403077,14.67065868263473
27053026723,Census Tract 267.23; Hennepin County; Minnesota,43,4470,3645,291,106,1532,7,2133,0,4470,92,192336,1532,33,1532,21,133,17,4470,0,0,8,0,1532,7,27053,6.510067114093959,2.058165548098434,0.1789709172259508,0.45691906005221933,12.781954887218046
27053026724,Census Tract 267.24; Hennepin County; Minnesota,37.1,4784,3002,358,292,2430,112,2973,101,4784,351,111711,2430,98,2522,26,1190,285,4784,0,60,0,0,2430,54,27053,7.483277591973244,7.336956521739131,1.254180602006689,4.609053497942387,23.949579831932773
27053026725,Census Tract 267.25; Hennepin County; Minnesota,46,2521,2169,44,107,1256,32,1766,0,2519,289,123909,1256,79,1457,6,273,0,2519,0,50,0,0,1256,20,27053,1.7453391511305039,11.47280666931322,1.9849146486701073,2.5477707006369426,0
27053026726,Census Tract 267.26; Hennepin County; Minnesota,43.2,4173,3111,410,86,1654,12,2442,133,4173,12,141607,1654,0,1654,0,274,12,4173,17,26,59,0,1654,0,27053,9.825065899832255,0.2875629043853343,2.4442846872753416,0.7255139056831923,4.37956204379562
27053026807,Census Tract 268.07; Hennepin County; Minnesota,37.5,5412,2930,1527,248,2084,194,2557,0,5412,591,61667,2084,239,2182,10,936,504,5412,56,16,333,0,2084,108,27053,28.215077605321508,10.920177383592018,7.483370288248337,9.309021113243762,53.84615384615385
27053026809,Census Tract 268.09; Hennepin County; Minnesota,31,5387,720,3027,1202,2007,320,3151,218,5387,1198,61431,2007,249,2024,0,1493,388,5387,172,357,650,0,2007,44,27053,56.19082977538519,22.238722851308705,21.886021904585114,15.944195316392626,25.987943737441395
27053026811,Census Tract 268.11; Hennepin County; Minnesota,32.8,5608,2144,1621,405,1689,31,2408,45,5554,1253,73813,1689,307,1714,0,361,147,5608,65,98,130,0,1689,73,27053,28.905135520684738,22.560316888728845,5.224679029957204,1.8354055654233274,40.7202216066482
27053026812,Census Tract 268.12; Hennepin County; Minnesota,35.9,8133,4427,1357,368,3064,212,4600,18,8128,381,110560,3064,111,3127,21,761,213,8128,106,43,244,0,3064,123,27053,16.68511004549367,4.6875,4.835137795275591,6.919060052219321,27.989487516425754
27053026814,Census Tract 268.14; Hennepin County; Minnesota,38.3,6606,2118,1601,43,2073,0,3392,128,6601,209,118536,2073,180,2188,0,197,16,6601,0,137,134,0,2073,37,27053,24.23554344535271,3.166186941372519,4.105438569913649,0,8.121827411167512
27053026815,Census Tract 268.15; Hennepin County; Minnesota,35.3,5905,2301,1346,449,1786,72,2646,56,5895,309,103095,1786,121,1842,0,275,0,5905,17,22,84,0,1786,61,27053,22.79424216765453,5.241730279898219,2.0829805249788316,4.031354983202688,0
27053026816,Census Tract 268.16; Hennepin County; Minnesota,34.8,6564,1804,1802,669,2190,15,3262,39,6552,660,82813,2190,303,2190,62,574,154,6559,0,217,94,0,2190,0,27053,27.45277269957343,10.073260073260073,4.741576459826193,0.684931506849315,26.829268292682926
27053026818,Census Tract 268.18; Hennepin County; Minnesota,31,7005,1867,2676,504,2152,151,3536,49,6978,827,86875,2152,172,2227,101,651,112,7005,241,42,92,0,2152,105,27053,38.20128479657387,11.851533390656348,5.353319057815845,7.016728624535316,17.204301075268816
27053026819,Census Tract 268.19; Hennepin County; Minnesota,33.7,4895,562,2702,437,2055,788,2247,227,4814,1280,41691,2055,633,2199,0,1477,545,4895,166,182,465,11,2055,388,27053,55.19918283963228,26.58911508101371,16.83350357507661,38.345498783454985,36.899119837508465
27053026822,Census Tract 268.22; Hennepin County; Minnesota,47,4903,2949,983,193,1836,29,2452,16,4903,104,120333,1836,106,1868,0,200,34,4903,0,55,72,6,1836,149,27053,20.04894962267999,2.12115031613298,2.7126249235162145,1.579520697167756,17
27053026823,Census Tract 268.23; Hennepin County; Minnesota,39.1,5427,2172,1530,213,1783,33,2940,48,5371,172,145993,1783,1,1875,21,61,21,5419,5,103,37,14,1783,35,27053,28.192371475953564,3.2023831688698565,2.934120686473519,1.8508132361189007,34.42622950819672
27053026824,Census Tract 268.24; Hennepin County; Minnesota,41.6,4825,2892,650,135,1733,157,2756,76,4739,130,129929,1733,0,1744,0,225,69,4740,0,83,1,0,1733,121,27053,13.471502590673575,2.7431947668284447,1.7721518987341771,9.059434506635892,30.666666666666668
27053026825,Census Tract 268.25; Hennepin County; Minnesota,42.3,2918,1246,539,116,852,28,1710,35,2918,67,123932,852,71,954,0,81,0,2918,12,83,15,0,852,0,27053,18.471555860178203,2.2960932145305004,3.7697052775873887,3.2863849765258215,0
27053026826,Census Tract 268.26; Hennepin County; Minnesota,35.9,3680,1888,474,142,1234,18,2065,41,3680,133,117193,1234,18,1234,0,21,0,3680,65,0,63,0,1234,6,27053,12.880434782608695,3.614130434782609,3.4782608695652173,1.4586709886547813,0
27053026827,Census Tract 268.27; Hennepin County; Minnesota,26.4,3501,573,2087,138,1127,48,1679,61,3501,813,43219,1127,259,1141,0,454,35,3501,176,155,17,0,1127,34,27053,59.61153956012568,23.221936589545844,9.940017137960583,4.259094942324756,7.709251101321586
27053026828,Census Tract 268.28; Hennepin County; Minnesota,38.1,3580,1065,1515,112,1600,165,2076,163,3572,552,64529,1600,374,1693,0,1071,327,3572,0,120,224,5,1600,132,27053,42.31843575418994,15.453527435610303,9.77043673012318,10.3125,30.532212885154063
27053026903,Census Tract 269.03; Hennepin County; Minnesota,38.8,4947,4446,183,35,1773,29,2526,0,4947,216,115536,1773,10,1916,0,304,94,4947,10,128,62,0,1773,0,27053,3.699211643420255,4.366282595512431,4.042854255104103,1.6356457980823462,30.92105263157895
27053026906,Census Tract 269.06; Hennepin County; Minnesota,47.7,6853,5727,329,73,2606,13,3796,60,6851,636,109482,2606,221,2673,0,111,28,6851,0,10,84,0,2606,13,27053,4.800817160367722,9.283316304189169,1.3720624726317325,0.49884881043745205,25.225225225225227
27053026907,Census Tract 269.07; Hennepin County; Minnesota,41.2,5742,4268,590,262,2147,98,3273,47,5689,368,128326,2147,60,2170,0,369,91,5702,30,80,49,5,2147,58,27053,10.27516544757924,6.468623659694146,2.876183795159593,4.56450861667443,24.661246612466126
27053026908,Census Tract 269.08; Hennepin County; Minnesota,38.4,5908,4075,1398,177,2173,75,3440,63,5859,418,115592,2173,51,2173,47,130,0,5908,14,20,75,0,2173,41,27053,23.662830060934326,7.134323263355522,1.8449559918754233,3.451449608835711,0
27053026910,Census Tract 269.10; Hennepin County; Minnesota,41.9,8381,6674,393,758,3034,49,4844,31,8381,232,137383,3034,95,3087,0,156,22,8372,210,48,341,0,3034,79,27053,4.689177902398282,2.7681660899653977,7.154801720019111,1.6150296638101516,14.102564102564102
27053026911,Census Tract 269.11; Hennepin County; Minnesota,37.9,4614,3898,214,78,1563,61,2764,73,4523,57,138153,1563,30,1645,0,249,31,4523,15,0,39,0,1563,0,27053,4.638058084091894,1.2602255140393543,1.1938978554057043,3.9027511196417146,12.449799196787149
27053026912,Census Tract 269.12; Hennepin County; Minnesota,36.7,9287,8276,346,126,3231,115,4076,13,9287,235,171156,3231,187,3253,0,335,44,9287,117,125,91,0,3231,93,27053,3.725637988586196,2.5304188650802195,3.585657370517928,3.559269575982668,13.134328358208956
27053027001,Census Tract 270.01; Hennepin County; Minnesota,45.2,3271,2948,94,81,1214,11,1803,0,3264,152,139706,1214,69,1218,0,102,31,3271,0,44,17,0,1214,88,27053,2.8737389177621524,4.6568627450980395,1.8648731274839498,0.9060955518945635,30.392156862745097
27053027002,Census Tract 270.02; Hennepin County; Minnesota,42.2,5584,4938,97,214,2060,128,2734,0,5505,203,130263,2060,84,2156,31,395,100,5515,18,59,39,2,2060,138,27053,1.737106017191977,3.68755676657584,2.13961922030825,6.213592233009709,25.31645569620253
27053027101,Census Tract 271.01; Hennepin County; Minnesota,40.1,7663,6315,257,47,2671,52,3705,12,7650,217,204647,2671,7,2774,0,205,57,7654,11,3,119,3,2671,35,27053,3.353777893775284,2.8366013071895426,1.7768487065586622,1.9468363908648447,27.804878048780488
27053027102,Census Tract 271.02; Hennepin County; Minnesota,41.5,6854,5513,87,82,2505,28,3341,7,6809,257,143250,2505,7,2527,0,133,0,6854,0,23,201,0,2505,206,27053,1.2693317770644879,3.7744162138346304,3.2681645754304056,1.1177644710578842,0
27053027202,Census Tract 272.02; Hennepin County; Minnesota,41.9,1710,1407,67,93,675,45,901,16,1683,135,95972,675,24,701,36,209,101,1691,6,25,39,0,675,42,27053,3.91812865497076,8.0213903743315509,4.139562389118865,6.666666666666667,48.32535885167464
27053027203,Census Tract 272.03; Hennepin County; Minnesota,55.4,3585,3219,144,31,1968,212,1819,5,3469,245,68971,1968,112,2222,3,1053,258,3471,2,26,19,0,1968,191,27053,4.01673640167364,7.062554050158547,1.3540766349755113,10.772357723577235,24.501424501424502
27053027204,Census Tract 272.04; Hennepin County; Minnesota,49.9,3508,3379,2,0,1374,20,1911,0,3508,69,194643,1374,23,1541,0,40,12,3508,63,15,24,0,1374,0,27053,0.05701254275940707,1.9669327251995439,2.9076396807297606,1.455604075691412,30
27053027205,Census Tract 272.05; Hennepin County; Minnesota,44,3391,2537,2,30,1138,51,1374,1,3391,343,225337,1138,0,1188,0,170,79,3391,0,0,56,0,1138,11,27053,0.058979652020053085,10.115010321439103,1.6514302565614862,4.481546572934974,46.470588235294116
27053027300,Census Tract 273; Hennepin County; Minnesota,58.5,4363,3801,35,226,2149,207,1743,0,4363,276,125344,2149,53,2566,35,853,284,4363,0,18,0,0,2149,173,27053,0.8022003208801284,6.325922530369012,0.412560165024066,9.632387156817124,33.29425556858148
27053027400,Census Tract 274; Hennepin County; Minnesota,48,4340,4089,3,107,1744,75,2109,104,4315,84,177500,1744,0,1878,0,157,63,4318,4,13,8,0,1744,100,27053,0.06912442396313365,1.9466975666280417,0.5789717461787864,4.3004587155963305,40.12738853503185
27053027501,Census Tract 275.01; Hennepin County; Minnesota,50.4,4440,4288,8,161,2006,62,2520,17,4337,319,122090,2006,60,2376,2,695,124,4350,78,0,197,0,2006,56,27053,0.18018018018018017,7.35531473368688,6.32183908045977,3.090727816550349,17.841726618705035
27053027503,Census Tract 275.03; Hennepin County; Minnesota,47.9,4382,3976,2,231,1661,0,2144,3,4382,269,190365,1661,6,1696,0,98,22,4382,37,12,93,0,1661,4,27053,0.045641259698767686,6.138749429484254,3.240529438612506,0,22.448979591836736
27053027504,Census Tract 275.04; Hennepin County; Minnesota,48.2,3297,3003,27,131,1291,59,1564,0,3297,128,150469,1291,51,1325,0,80,23,3297,0,9,28,0,1291,27,27053,0.818926296633303,3.8823172581134364,1.1222323324234151,4.570100697134005,28.75
27053027601,Census Tract 276.01; Hennepin County; Minnesota,42.8,4065,3295,172,84,1931,273,2069,75,4052,412,98750,1931,232,2063,0,579,157,4065,13,45,27,0,1931,109,27053,4.231242312423125,10.16781836130306,2.091020910209102,14.137752459865355,27.115716753022454
27053027602,Census Tract 276.02; Hennepin County; Minnesota,47.4,5111,4802,0,246,2498,96,3025,0,5111,415,83167,2498,155,2667,17,539,61,5111,0,24,120,0,2498,206,27053,0,8.119741733515946,2.8174525533163766,3.8430744595676543,11.317254174397032
27053027701,Census Tract 277.01; Hennepin County; Minnesota,41.9,3693,3618,13,0,1252,8,1756,0,3693,643,139318,1252,0,1418,0,51,0,3693,15,0,18,0,1252,0,27053,0.3520173300839426,17.41131871107501,0.8935824532900081,0.6389776357827476,0
27053027702,Census Tract 277.02; Hennepin County; Minnesota,40.1,1982,1790,48,138,818,0,1204,10,1982,12,116500,818,5,864,0,52,6,1982,8,8,27,0,818,20,27053,2.4217961654894045,0.6054490413723511,2.169525731584258,0,11.538461538461538
27053027703,Census Tract 277.03; Hennepin County; Minnesota,40.8,4816,4281,88,42,1660,0,2327,40,4816,107,164333,1660,0,1822,0,24,0,4816,55,16,92,14,1660,23,27053,1.8272425249169435,2.221760797342193,3.675249169435216,0,0
27053100200,Census Tract 1002; Hennepin County; Minnesota,35.5,4361,1871,1137,994,1800,170,2008,120,4139,408,65833,1800,388,1897,0,512,99,4361,20,16,149,0,1800,166,27053,26.072001834441643,9.857453491181445,4.242146296720936,9.444444444444445,19.3359375
27053100400,Census Tract 1004; Hennepin County; Minnesota,32.7,3572,992,1346,672,1199,108,1701,150,3510,845,61123,1199,248,1239,13,273,83,3572,43,47,200,0,1199,164,27053,37.681970884658455,24.074074074074073,8.118701007838746,9.007506255212677,30.4029304029304
27053100500,Census Tract 1005; Hennepin County; Minnesota,37,1953,1348,290,122,1060,150,1145,48,1899,271,58350,1060,167,1125,0,445,127,1900,0,72,35,0,1060,91,27053,14.8489503328213,14.270668773038441,5.631578947368421,14.150943396226415,28.53932584269663
27053100700,Census Tract 1007; Hennepin County; Minnesota,34.4,3297,1393,1273,476,1223,30,1552,39,3295,227,78750,1223,221,1324,0,209,102,3295,0,26,157,0,1223,18,27053,38.61085835608129,6.889226100151745,5.553869499241275,2.4529844644317254,48.803827751196174
27053100800,Census Tract 1008; Hennepin County; Minnesota,30.7,4630,2123,1410,490,1482,181,2219,198,4389,441,88966,1482,354,1557,0,410,124,4630,17,148,212,0,1482,166,27053,30.453563714902806,10.047846889952153,8.142548596112311,12.213225371120108,30.24390243902439
27053100900,Census Tract 1009; Hennepin County; Minnesota,33.3,5665,1405,2020,842,1650,363,2814,521,5664,954,67104,1650,483,1775,0,601,230,5665,54,126,376,0,1650,198,27053,35.65754633715799,16.843220338983052,9.814651368049427,22,38.26955074875208
27053101200,Census Tract 1012; Hennepin County; Minnesota,38.3,4979,4289,176,144,2223,52,2966,63,4883,200,130984,2223,28,2304,11,674,93,4919,36,9,169,0,2223,40,27053,3.5348463546896967,4.095842719639566,4.350477739377922,2.3391812865497075,13.798219584569733
27053101300,Census Tract 1013; Hennepin County; Minnesota,33.1,2042,368,1006,356,815,246,801,88,2024,630,56734,815,388,857,0,428,147,2042,4,61,19,14,815,138,27053,49.265426052889325,31.126482213438734,4.799216454456415,30.1840490797546,34.345794392523366
27053101600,Census Tract 1016; Hennepin County; Minnesota,32.5,2807,496,1069,376,978,428,862,132,2709,1258,22155,978,425,1020,31,622,238,2805,64,137,164,0,978,236,27053,38.08336302101888,46.43779992617202,13.01247771836007,43.76278118609407,38.263665594855304
27053101800,Census Tract 1018; Hennepin County; Minnesota,33.3,4462,2683,1225,874,1780,297,2363,175,4447,808,71581,1780,435,1945,0,972,319,4459,12,214,72,22,1780,251,27053,27.454056476916183,18.169552507308296,7.17649697241534,16.685393258426966,32.818930041152264
27053101900,Census Tract 1019; Hennepin County; Minnesota,35.9,2445,1853,312,29,1394,271,1472,56,2445,444,66346,1394,246,1588,45,941,250,2445,0,12,13,0,1394,145,27053,12.760736196319018,18.15950920245399,1.0224948875255624,19.44045911047346,26.56748140276302
27053102000,Census Tract 1020; Hennepin County; Minnesota,36.1,2071,892,589,58,926,102,968,29,2071,342,43529,926,232,1018,0,383,249,2071,21,15,35,0,926,69,27053,28.440366972477065,16.513761467889907,3.428295509415741,11.01511879049676,65.0130548302872
27053102100,Census Tract 1021; Hennepin County; Minnesota,28.1,2745,424,1648,409,762,227,1036,244,2727,899,45789,762,285,883,27,392,158,2745,22,104,92,0,762,59,27053,60.03642987249545,32.96662999633297,7.941712204007286,29.79002624671916,40.30612244897959
27053102500,Census Tract 1025; Hennepin County; Minnesota,38.3,2865,1978,485,234,1472,242,1614,137,2857,207,80441,1472,100,1639,0,807,45,2865,0,76,61,0,1472,170,27053,16.92844677137871,7.245362268113405,4.781849912739965,16.440217391304348,5.5762081784386615
27053102600,Census Tract 1026; Hennepin County; Minnesota,30.6,2139,1263,259,150,855,37,1213,62,2139,409,78487,855,101,893,31,465,31,2139,55,111,209,0,855,36,27053,12.108461898083217,19.12108461898083,17.53155680224404,4.3274853801169595,6.666666666666667
27053102800,Census Tract 1028; Hennepin County; Minnesota,29.8,2692,971,1416,270,1010,364,1292,123,2678,690,64167,1010,264,1112,23,511,164,2686,21,83,229,44,1010,151,27053,52.600297176820206,25.765496639283047,14.035740878629934,36.039603960396036,32.093933463796475
27053103000,Census Tract 1030; Hennepin County; Minnesota,34.9,1898,1557,119,73,1022,186,1215,54,1708,120,80806,1022,83,1130,0,783,137,1708,0,13,1,0,1022,94,27053,6.269757639620654,7.02576112412178,0.819672131147541,18.199608610567516,17.496807151979567
27053103100,Census Tract 1031; Hennepin County; Minnesota,33.6,2307,1443,519,115,1119,116,1362,95,2290,216,76910,1119,206,1127,17,702,123,2307,0,12,71,0,1119,21,27053,22.496749024707412,9.43231441048035,3.597745990463806,10.36639857015192,17.521367521367523
27053103400,Census Tract 1034; Hennepin County; Minnesota,31.2,3155,203,2489,89,1432,346,1295,86,3155,865,49860,1432,612,1578,0,899,348,3155,0,149,39,0,1432,139,27053,78.8906497622821,27.416798732171156,5.958795562599049,24.162011173184357,38.70967741935484
27053103600,Census Tract 1036; Hennepin County; Minnesota,39.2,3227,2681,50,253,1953,133,2195,83,3218,274,104563,1953,117,2227,19,1024,125,3217,0,36,61,30,1953,26,27053,1.5494267121165168,8.514605344934742,3.947777432390426,6.810035842293907,12.20703125
27053103700,Census Tract 1037; Hennepin County; Minnesota,32,4118,3014,592,207,2716,348,2725,210,4118,511,57325,2716,405,2765,0,2189,460,4118,0,97,15,0,2716,99,27053,14.37591063623118,12.408936376881982,2.719766877124818,12.812960235640649,21.014161717679304
27053103900,Census Tract 1039; Hennepin County; Minnesota,21.3,4178,2892,223,214,1378,600,2353,220,3828,2697,26929,1378,108,1745,96,1340,723,4174,17,71,0,0,1378,53,27053,5.33748204882719,70.45454545454545,2.1082894106372785,43.54136429608128,53.95522388059702
27053104001,Census Tract 1040.01; Hennepin County; Minnesota,22,2696,2003,72,424,846,63,1957,260,2696,1103,61786,846,43,975,4,640,286,2696,0,59,0,0,846,4,27053,2.6706231454005933,40.91246290801187,2.188427299703264,7.446808510638298,44.6875
27053104002,Census Tract 1040.02; Hennepin County; Minnesota,25.7,4452,2800,113,414,1601,88,3558,517,4452,981,97628,1601,85,1683,0,1333,106,4452,0,160,0,0,1601,29,27053,2.538185085354897,22.035040431266847,3.5938903863432166,5.496564647095565,7.95198799699925
27053104100,Census Tract 1041; Hennepin County; Minnesota,27,4017,1093,2577,171,1295,241,1814,276,3883,1490,61683,1295,384,1412,0,970,282,3884,35,319,129,0,1295,214,27053,64.15235250186707,38.372392480041206,12.435633367662204,18.61003861003861,29.072164948453608
27053104400,Census Tract 1044; Hennepin County; Minnesota,31.7,2848,1435,679,449,1361,531,1691,184,2605,730,67130,1361,163,1525,0,1173,216,2835,50,83,44,0,1361,0,27053,23.84129213483146,28.023032629558543,6.243386243386244,39.015429831006614,18.414322250639387
27053104801,Census Tract 1048.01; Hennepin County; Minnesota,29.4,4882,322,4400,0,2182,1074,1562,47,4872,2922,21589,2182,1556,2294,0,2182,448,4882,0,0,51,0,2182,374,27053,90.12699713232281,59.97536945812808,1.044653830397378,49.220898258478464,20.53162236480293
27053104802,Census Tract 1048.02; Hennepin County; Minnesota,21.6,4607,2499,592,428,1462,432,1961,299,2662,950,31339,1462,236,1529,0,1101,299,4431,13,189,32,0,1462,84,27053,12.850010853049707,35.68745304282494,5.280974949221394,29.548563611491108,27.157129881925524
27053104901,Census Tract 1049.01; Hennepin County; Minnesota,19.2,7354,5192,217,468,726,354,2552,211,1637,1090,21489,726,0,780,0,726,354,7354,84,127,0,0,726,0,27053,2.9507750883872723,66.58521686010995,2.8691868370954583,48.760330578512395,48.760330578512395
27053104902,Census Tract 1049.02; Hennepin County; Minnesota,23.1,4411,2124,871,162,1975,623,2377,206,4286,2128,33775,1975,146,2265,63,1828,677,4364,0,163,18,0,1975,34,27053,19.74608932214917,49.65002333177788,4.1475710357470215,31.544303797468356,37.03501094091904
27053105100,Census Tract 1051; Hennepin County; Minnesota,46.2,2722,2258,72,170,1362,10,1582,13,2722,233,116902,1362,0,1362,0,196,26,2722,41,19,105,0,1362,0,27053,2.645113886847906,8.559882439382807,6.061719324026451,0.7342143906020558,13.26530612244898
27053105201,Census Tract 1052.01; Hennepin County; Minnesota,35.7,3078,2446,367,99,2329,570,2125,102,3078,488,78828,2329,298,2554,0,1583,359,3078,0,68,80,0,2329,40,27053,11.923326835607538,15.85445094217024,4.808317089018844,24.474023185916703,22.67845862286797
27053105204,Census Tract 1052.04; Hennepin County; Minnesota,43.1,2686,1901,462,32,2129,881,1591,274,2686,477,51547,2129,637,2415,0,1862,290,2686,0,20,99,0,2129,337,27053,17.20029784065525,17.75874906924795,4.430379746835443,41.38093001409112,15.574650912996777
27053105400,Census Tract 1054; Hennepin County; Minnesota,33.2,3770,2323,830,334,2055,446,2419,182,3078,585,69388,2055,311,2406,0,1410,407,3680,0,76,164,0,2055,181,27053,22.015915119363395,19.005847953216374,6.521739130434782,21.70316301703163,28.865248226950353
27053105500,Census Tract 1055; Hennepin County; Minnesota,34.7,4121,3545,47,403,2415,270,2753,62,4121,208,90662,2415,100,2508,20,1456,195,4121,0,46,88,0,2415,70,27053,1.1404998786702256,5.047318611987381,3.2516379519534095,11.180124223602485,13.392857142857142
27053105600,Census Tract 1056; Hennepin County; Minnesota,33.5,4992,3113,709,407,3259,1167,3603,553,4965,853,49353,3259,300,3730,0,2442,556,4965,0,213,105,0,3259,252,27053,14.20272435897436,17.18026183282981,6.404833836858006,35.80853022399509,22.768222768222767
27053105700,Census Tract 1057; Hennepin County; Minnesota,34,2961,1557,683,679,1986,677,1997,277,2940,476,52875,1986,332,2281,22,1520,159,2946,6,130,133,0,1986,182,27053,23.066531577169876,16.19047619047619,9.131025118805159,34.08862034239678,10.460526315789474
27053106000,Census Tract 1060; Hennepin County; Minnesota,35.3,2784,526,1322,836,1148,406,1141,137,2740,878,31346,1148,527,1341,23,1023,198,2784,50,153,200,0,1148,280,27053,47.485632183908045,32.043795620437955,14.475574712643677,35.36585365853659,19.35483870967742
27053106200,Census Tract 1062; Hennepin County; Minnesota,28.5,4287,1369,2144,220,1984,700,1982,254,4212,1183,47243,1984,587,2100,0,1735,396,4238,79,332,67,17,1984,134,27053,50.01166316771635,28.08641975308642,11.680037753657386,35.28225806451613,22.824207492795388
27053106400,Census Tract 1064; Hennepin County; Minnesota,45.2,2044,1203,477,92,1056,300,978,53,2026,371,70000,1056,224,1089,0,573,94,2042,0,50,0,0,1056,75,27053,23.33659491193738,18.311944718657454,2.4485798237022527,28.40909090909091,16.404886561954626
27053106500,Census Tract 1065; Hennepin County; Minnesota,43.3,4777,3998,336,214,2250,95,2744,21,4608,94,133542,2250,0,2483,0,1039,188,4608,64,52,0,0,2250,37,27053,7.0337031609796945,2.0399305555555554,2.517361111111111,4.222222222222222,18.09432146294514
27053106600,Census Tract 1066; Hennepin County; Minnesota,43.5,2578,2109,58,56,1360,201,1632,128,2574,58,92500,1360,79,1432,0,632,80,2574,0,41,60,0,1360,118,27053,2.2498060512024827,2.253302253302253,3.923853923853924,14.779411764705882,12.658227848101266
27053106700,Census Tract 1067; Hennepin County; Minnesota,28.5,4980,3412,482,307,3152,698,4222,483,4927,564,62000,3152,210,3270,0,2789,458,4927,0,192,128,0,3152,34,27053,9.67871485943775,11.447128069819362,6.494824436776943,22.14467005076142,16.421656507708857
27053106900,Census Tract 1069; Hennepin County; Minnesota,30,2755,1951,240,324,1362,417,1839,262,2394,712,61667,1362,147,1476,29,1008,251,2674,0,143,80,0,1362,0,27053,8.711433756805807,29.741019214703424,8.339566192969334,30.616740088105725,24.900793650793652
27053107000,Census Tract 1070; Hennepin County; Minnesota,30.2,3878,2095,700,713,2147,401,2636,313,3867,964,57207,2147,207,2319,0,1887,437,3878,0,294,159,0,2147,42,27053,18.050541516245488,24.928885440910268,11.681279009798866,18.677224033535165,23.158452570217275
27053107400,Census Tract 1074; Hennepin County; Minnesota,36.6,1906,1143,142,371,927,145,1142,256,1906,273,58967,927,163,972,24,416,86,1906,12,74,26,0,927,58,27053,7.4501573976915,14.323189926547744,5.876180482686254,15.64185544768069,20.673076923076923
27053107500,Census Tract 1075; Hennepin County; Minnesota,38.4,1904,1381,81,117,843,41,1079,44,1904,200,94688,843,25,878,4,251,28,1904,4,79,45,6,843,30,27053,4.254201680672269,10.504201680672269,7.03781512605042,4.863582443653618,11.155378486055778
27053107600,Census Tract 1076; Hennepin County; Minnesota,43.1,3633,3028,135,428,1578,57,2105,61,3633,147,121250,1578,46,1650,0,294,27,3633,43,24,73,0,1578,93,27053,3.7159372419488026,4.046242774566474,3.8535645472061657,3.612167300380228,9.183673469387756
27053108000,Census Tract 1080; Hennepin County; Minnesota,35.6,3644,3204,65,99,2142,170,2595,127,3644,246,111458,2142,0,2259,0,1449,249,3644,0,69,93,19,2142,69,27053,1.7837541163556532,6.750823271130626,4.967069154774973,7.936507936507937,17.184265010351968
27053108600,Census Tract 1086; Hennepin County; Minnesota,32,3259,2057,263,1214,1072,143,1501,128,3259,912,68963,1072,187,1101,0,545,134,3259,0,163,365,0,1072,44,27053,8.069960110463333,27.984044185332923,16.201288738876958,13.33955223880597,24.587155963302752
27053108700,Census Tract 1087; Hennepin County; Minnesota,37.6,3993,2678,503,454,1744,398,2185,257,3736,451,93846,1744,187,1783,146,641,191,3762,0,0,17,0,1744,101,27053,12.597044828449787,12.071734475374733,0.45188729399255717,22.821100917431192,29.797191887675506
27053108800,Census Tract 1088; Hennepin County; Minnesota,37.6,3506,1749,998,238,1529,303,1720,120,3428,559,72743,1529,399,1790,0,910,189,3442,14,78,146,0,1529,215,27053,28.465487735310894,16.306884480746792,6.914584543869843,19.816873773708306,20.76923076923077
27053108900,Census Tract 1089; Hennepin County; Minnesota,43,2417,1900,22,176,1150,65,1355,52,2417,181,92778,1150,33,1160,0,101,8,2417,0,9,28,0,1150,102,27053,0.9102192800992966,7.488622258998759,1.5308233347124534,5.6521739130434785,7.920792079207921
27053109000,Census Tract 1090; Hennepin County; Minnesota,42.9,1793,1710,8,56,874,15,1007,46,1793,10,143750,874,23,874,0,40,5,1793,0,0,5,0,874,25,27053,0.44617958728388174,0.5577244841048522,0.2788622420524261,1.7162471395881007,12.5
27053109100,Census Tract 1091; Hennepin County; Minnesota,34.4,4997,4133,142,726,2595,129,3204,271,4997,399,87480,2595,47,2802,0,1596,248,4997,32,27,319,0,2595,54,27053,2.8417050230138083,7.984790874524715,7.56453872323394,4.971098265895954,15.538847117794486
27053109200,Census Tract 1092; Hennepin County; Minnesota,35.1,3575,2958,168,360,2163,252,2373,158,3249,248,77319,2163,50,2218,0,1431,339,3201,0,121,48,0,2163,114,27053,4.699300699300699,7.633117882425362,5.279600124960949,11.650485436893204,23.68972746331237
27053109300,Census Tract 1093; Hennepin County; Minnesota,33.2,3831,3342,191,280,1982,132,2619,78,3827,276,94038,1982,97,2182,0,1073,196,3806,0,107,114,0,1982,0,27053,4.985643435134429,7.211915338385158,5.806621124540199,6.659939455095863,18.266542404473437
27053109400,Census Tract 1094; Hennepin County; Minnesota,27.3,1994,824,450,452,600,53,972,51,1994,121,85385,600,111,679,0,265,75,1994,18,105,89,0,600,0,27053,22.567703109327983,6.068204613841525,10.631895687061183,8.833333333333334,28.30188679245283
27053109700,Census Tract 1097; Hennepin County; Minnesota,35.6,2194,1644,217,216,973,37,1423,97,2194,151,102863,973,68,1026,0,338,72,2194,13,6,38,0,973,30,27053,9.890610756608934,6.882406563354603,2.5979945305378305,3.802672147995889,21.301775147928993
27053109800,Census Tract 1098; Hennepin County; Minnesota,41.4,4319,3931,28,264,1838,19,2499,27,4319,124,109167,1838,25,1898,0,508,56,4308,0,0,117,0,1838,19,27053,0.6482982171799028,2.8710349617967124,2.715877437325905,1.0337323177366704,11.023622047244094
27053109900,Census Tract 1099; Hennepin County; Minnesota,37.6,3800,3057,117,217,1807,16,2449,303,3793,204,104514,1807,59,1893,0,573,43,3793,16,34,75,0,1807,44,27053,3.0789473684210527,5.378328499868179,3.2955444239388347,0.8854454897620365,7.504363001745201
27053110000,Census Tract 1100; Hennepin County; Minnesota,31,1545,707,419,398,513,75,820,85,1538,368,103875,513,122,576,0,84,49,1545,36,76,82,0,513,28,27053,27.119741100323626,23.927178153446032,12.556634304207119,14.619883040935672,58.333333333333336
27053110100,Census Tract 1101; Hennepin County; Minnesota,36.5,3056,1837,328,594,1350,65,1843,101,3056,177,98804,1350,136,1416,0,379,55,3056,12,0,124,0,1350,39,27053,10.732984293193716,5.791884816753926,4.450261780104712,4.814814814814815,14.511873350923484
27053110200,Census Tract 1102; Hennepin County; Minnesota,38.3,3400,3037,44,63,1631,59,1931,216,3400,83,91777,1631,40,1720,0,259,63,3400,0,0,79,0,1631,47,27053,1.2941176470588236,2.4411764705882355,2.323529411764706,3.617412630288167,24.324324324324323
27053110400,Census Tract 1104; Hennepin County; Minnesota,40.3,3486,2626,292,84,1739,196,1984,267,3460,275,78546,1739,178,1739,0,588,103,3469,52,0,46,12,1739,59,27053,8.376362593230063,7.9479768786127165,3.170942634765062,11.270845313398505,17.517006802721088
27053110500,Census Tract 1105; Hennepin County; Minnesota,44.9,5241,3759,506,571,2525,114,2858,144,4965,185,99981,2525,59,2726,0,1020,178,4965,0,44,225,0,2525,48,27053,9.654646059912231,3.7260825780463245,5.417925478348439,4.514851485148514,17.45098039215686
27053110800,Census Tract 1108; Hennepin County; Minnesota,35.9,4304,3402,556,93,1905,41,2352,77,4304,226,100613,1905,91,1945,0,416,19,4304,6,41,15,0,1905,47,27053,12.9182156133829,5.25092936802974,1.4405204460966543,2.152230971128609,4.5673076923076925
27053110900,Census Tract 1109; Hennepin County; Minnesota,41.6,3286,2013,777,234,1439,56,1997,116,3286,448,117049,1439,66,1548,0,171,62,3286,17,11,55,0,1439,106,27053,23.6457699330493,13.633597078514912,2.5258673158855753,3.891591382904795,36.25730994152047
27053111100,Census Tract 1111; Hennepin County; Minnesota,41.6,3641,3151,138,127,1608,30,2137,115,3641,115,120395,1608,75,1688,0,248,14,3641,0,54,26,8,1608,61,27053,3.790167536391101,3.1584729469925845,2.416918429003021,1.8656716417910448,5.645161290322581
27053111200,Census Tract 1112; Hennepin County; Minnesota,41.1,3516,2923,114,286,1448,63,1893,46,3463,118,172500,1448,31,1485,11,129,29,3480,15,35,13,0,1448,27,27053,3.242320819112628,3.4074501876985273,1.8103448275862069,4.350828729281768,22.48062015503876
27053111300,Census Tract 1113; Hennepin County; Minnesota,39.5,5214,4507,130,241,1952,18,2749,55,5214,277,177833,1952,0,2041,0,236,47,5214,8,53,16,0,1952,16,27053,2.4932873034138856,5.312619869581895,1.4767932489451476,0.9221311475409836,19.915254237288135
27053111400,Census Tract 1114; Hennepin County; Minnesota,43.9,4056,3572,27,238,1578,14,2254,87,4043,126,212679,1578,0,1629,25,96,4,4032,73,0,35,0,1578,67,27053,0.665680473372781,3.116497650259708,2.6785714285714284,0.8871989860583016,4.166666666666667
27053111500,Census Tract 1115; Hennepin County; Minnesota,39.6,5722,4957,302,118,2099,48,3071,33,5564,231,173327,2099,78,2343,0,398,86,5548,0,9,126,0,2099,30,27053,5.277874868926949,4.151689432063264,2.4333093006488826,2.2868032396379228,21.608040201005025
27053111600,Census Tract 1116; Hennepin County; Minnesota,42.9,3282,2791,125,88,1346,20,2022,74,3282,56,151071,1346,28,1418,0,75,12,3282,0,0,28,0,1346,151,27053,3.8086532602071905,1.7062766605728215,0.8531383302864107,1.485884101040119,16
27053122500,Census Tract 1225; Hennepin County; Minnesota,38.3,3568,2670,130,369,1551,89,2241,73,3568,236,111125,1551,47,1610,14,524,93,3568,79,36,134,0,1551,109,27053,3.6434977578475336,6.614349775784754,6.978699551569507,5.738233397807866,17.748091603053435
27053122600,Census Tract 1226; Hennepin County; Minnesota,33.8,2371,2138,36,125,1057,51,1571,7,2371,77,120938,1057,8,1061,0,205,0,2371,27,43,22,0,1057,41,27053,1.5183466891606916,3.247574862927035,3.88021931674399,4.824976348155156,0
27053125500,Census Tract 1255; Hennepin County; Minnesota,39.2,3966,1689,719,961,1500,293,1905,291,3966,626,82831,1500,208,1590,0,598,118,3966,52,55,207,0,1500,193,27053,18.129097327281897,15.78416540595058,7.917297024710035,19.533333333333335,19.732441471571907
27053125600,Census Tract 1256; Hennepin County; Minnesota,27,3921,2839,254,223,1836,326,2149,243,3876,1307,56937,1836,64,2117,93,1152,422,3918,11,190,34,0,1836,20,27053,6.477939301198674,33.7203302373581,5.9979581419091375,17.75599128540305,36.63194444444444
27053125700,Census Tract 1257; Hennepin County; Minnesota,30.4,3532,1068,1126,455,1135,99,1682,41,3482,714,70947,1135,403,1256,0,297,121,3518,30,80,77,0,1135,14,27053,31.87995469988675,20.50545663411832,5.3155201819215465,8.722466960352422,40.74074074074074
27053125800,Census Tract 1258; Hennepin County; Minnesota,29.5,5024,1383,1993,1597,1683,447,2021,197,4902,2060,51102,1683,446,1959,0,988,395,4974,54,111,186,14,1683,56,27053,39.669585987261144,42.02366381068951,7.33815842380378,26.55971479500891,39.979757085020246
27053125900,Census Tract 1259; Hennepin County; Minnesota,26.2,4453,815,1306,1625,1304,302,1941,245,4453,1240,61019,1304,540,1520,23,749,159,4453,73,331,468,0,1304,139,27053,29.32854255558051,27.84639568830002,19.5823040646755,23.15950920245399,21.2283044058745
27053126000,Census Tract 1260; Hennepin County; Minnesota,32.3,5358,1246,2854,1004,2061,870,1777,448,5170,1512,36838,2061,937,2213,0,1779,369,5220,118,299,368,0,2061,430,27053,53.26614408361329,29.245647969052225,15.03831417624521,42.21251819505095,20.741989881956155
27053126101,Census Tract 1261.01; Hennepin County; Minnesota,37.8,2557,1993,74,114,2042,273,1736,59,2557,62,83750,2042,9,2256,0,1277,146,2557,0,35,79,0,2042,0,27053,2.894016425498631,2.4247164646069614,4.458349628470864,13.369245837414299,11.433046202036023
27053126102,Census Tract 1261.02; Hennepin County; Minnesota,32.7,7232,4647,1197,383,3878,631,4547,140,6197,686,123452,3878,79,4214,0,2798,220,6686,14,86,61,0,3878,96,27053,16.551438053097346,11.069872518960787,2.4080167514208792,16.271273852501288,7.862759113652609
27053126201,Census Tract 1262.01; Hennepin County; Minnesota,31.6,3139,2053,551,215,1644,235,2239,184,2848,540,113462,1644,57,1834,14,1416,204,3139,7,37,60,0,1644,31,27053,17.55336094297547,18.96067415730337,3.3131570563873844,14.29440389294404,14.40677966101695
27053126202,Census Tract 1262.02; Hennepin County; Minnesota,34.2,4494,3697,49,415,3170,140,3550,73,4494,118,134575,3170,0,3299,0,2203,208,4494,0,32,23,0,3170,209,27053,1.0903426791277258,2.62572318647085,1.2238540275923453,4.416403785488959,9.4416704493872
27053126300,Census Tract 1263; Hennepin County; Minnesota,31.8,2915,990,1467,38,1031,365,1067,96,2892,894,39922,1031,344,1154,21,597,105,2915,0,112,228,0,1031,230,27053,50.32590051457976,30.91286307053942,11.663807890222985,35.402521823472355,17.587939698492463
27053980000,Census Tract 9800; Hennepin County; Minnesota,NA,0,0,0,0,0,0,0,0,0,0,NA,0,0,0,0,0,0,0,0,0,0,0,0,0,27053,NA,NA,NA,NA,NA
27053980100,Census Tract 9801; Hennepin County; Minnesota,60.5,369,230,99,13,315,141,125,33,327,96,26168,315,134,339,0,315,109,327,0,0,23,0,315,77,27053,26.829268292682926,29.357798165137616,7.033639143730887,44.76190476190476,34.6031746031746
24033800102,Census Tract 8001.02; Prince George's County; Maryland,43.4,3011,936,1338,800,1460,57,1959,30,3011,177,79352,1460,160,1605,0,928,163,2977,0,56,218,13,1460,39,24033,44.43706409830621,5.878445699103288,9.640577762848505,3.904109589041096,17.564655172413794
24033800103,Census Tract 8001.03; Prince George's County; Maryland,31.7,2323,403,777,943,948,93,1500,21,2323,251,81719,948,142,1022,0,788,157,2323,29,87,141,0,948,54,24033,33.448127421437796,10.804993542832545,11.063280241067584,9.810126582278482,19.923857868020306
24033800105,Census Tract 8001.05; Prince George's County; Maryland,37.7,3474,710,2183,364,1361,99,1917,87,3474,270,99618,1361,157,1435,48,485,103,3474,0,65,75,24,1361,27,24033,62.83822682786413,7.772020725388601,4.720782959124928,7.274063188831741,21.237113402061855
24033800106,Census Tract 8001.06; Prince George's County; Maryland,40,3439,435,2015,764,1250,10,1973,80,3439,51,129022,1250,85,1278,0,188,0,3439,0,64,122,0,1250,8,24033,58.59261413201512,1.4829892410584473,5.408548996801396,0.8,0
24033800108,Census Tract 8001.08; Prince George's County; Maryland,36.8,3741,345,2419,566,1844,49,2088,36,3741,421,81026,1844,146,2033,0,1283,181,3669,77,109,156,14,1844,7,24033,64.66185511895215,11.253675487837477,9.70291632597438,2.6572668112798263,14.107560405300077
24033800109,Census Tract 8001.09; Prince George's County; Maryland,33.5,4376,618,1414,2311,1315,54,2251,11,4343,606,88750,1315,256,1470,18,667,214,4298,212,210,361,0,1315,19,24033,32.31261425959781,13.953488372093023,18.217775709632388,4.106463878326996,32.083958020989506
24033800203,Census Tract 8002.03; Prince George's County; Maryland,41.8,4764,1674,983,710,1620,43,2573,92,4724,169,160960,1620,22,1664,0,59,0,4703,32,15,129,0,1620,43,24033,20.63392107472712,3.577476714648603,3.742292153944291,2.654320987654321,0
24033800206,Census Tract 8002.06; Prince George's County; Maryland,41.1,3813,765,2436,480,1726,12,2333,347,3809,372,103418,1726,149,1758,0,852,343,3784,32,133,73,0,1726,42,24033,63.88670338316286,9.76634287214492,6.289640591966173,0.6952491309385863,40.25821596244131
24033800209,Census Tract 8002.09; Prince George's County; Maryland,32.6,4005,538,2373,1172,1669,261,2015,46,3817,615,59303,1669,273,1747,55,1434,471,3827,311,256,369,0,1669,166,24033,59.250936329588015,16.11212994498297,24.45779984321923,15.638106650689036,32.84518828451883
24033800210,Census Tract 8002.10; Prince George's County; Maryland,34.4,3330,356,1926,969,1189,259,1829,131,3323,284,70750,1189,265,1321,5,930,350,3310,52,87,296,0,1189,124,24033,57.83783783783784,8.546494131808606,13.141993957703928,21.783010933557613,37.634408602150536
24033800211,Census Tract 8002.11; Prince George's County; Maryland,36.9,2552,456,1574,467,1309,263,1423,113,2502,272,74594,1309,158,1372,0,1080,360,2523,0,51,180,1,1309,147,24033,61.677115987460816,10.871302957633892,9.195402298850574,20.091673032849503,33.333333333333336
24033800212,Census Tract 8002.12; Prince George's County; Maryland,37.7,7362,1068,4103,270,2788,125,3533,100,7189,316,132222,2788,300,2788,9,1454,363,7088,0,63,9,0,2788,47,24033,55.73213800597664,4.395604395604396,1.0158013544018059,4.483500717360115,24.9656121045392
24033800213,Census Tract 8002.13; Prince George's County; Maryland,39.2,3699,727,1942,423,1628,12,2077,44,3699,445,90652,1628,113,1744,0,592,71,3679,54,90,95,0,1628,63,24033,52.500675858340095,12.030278453636118,6.496330524599076,0.7371007371007371,11.993243243243244
24033800216,Census Tract 8002.16; Prince George's County; Maryland,44.6,3812,652,1977,458,1465,89,2409,128,3807,61,141779,1465,128,1579,43,347,17,3807,22,80,57,13,1465,71,24033,51.862539349422875,1.6023115313895455,4.51799317047544,6.075085324232082,4.899135446685879
24033800217,Census Tract 8002.17; Prince George's County; Maryland,40.6,4086,676,2489,255,1691,126,1957,59,3990,369,103566,1691,70,1758,0,792,193,4083,34,12,18,19,1691,29,24033,60.915320606950566,9.24812030075188,2.032819005633113,7.451212300413956,24.36868686868687
24033800218,Census Tract 8002.18; Prince George's County; Maryland,29.9,7312,570,4614,2022,2390,161,3700,119,7039,1494,85000,2390,476,2417,19,1739,541,7201,70,382,232,0,2390,40,24033,63.10175054704595,21.224605767864755,9.49868073878628,6.7364016736401675,31.10983323749281
24033800401,Census Tract 8004.01; Prince George's County; Maryland,51.3,2352,1208,710,241,864,4,1240,20,2290,107,137292,864,22,870,0,12,0,2282,7,16,33,0,864,29,24033,30.187074829931973,4.672489082969432,2.4539877300613497,0.46296296296296297,0
24033800402,Census Tract 8004.02; Prince George's County; Maryland,44.5,5096,2030,2214,206,1908,65,2683,131,5052,314,121043,1908,132,1926,0,209,38,5032,0,0,128,8,1908,76,24033,43.445839874411305,6.215360253365004,2.7027027027027026,3.406708595387841,18.181818181818183
24033800403,Census Tract 8004.03; Prince George's County; Maryland,37.9,4136,1739,1591,443,1349,0,2152,46,4104,207,169583,1349,130,1349,0,80,19,4073,5,15,50,0,1349,9,24033,38.467117988394584,5.043859649122807,1.718634912840658,0,23.75
24033800408,Census Tract 8004.08; Prince George's County; Maryland,41.9,7502,1717,4008,1316,2283,41,3908,70,7481,147,148047,2283,81,2393,21,156,53,7481,217,72,103,13,2283,27,24033,53.425753132498,1.964977944125117,5.413714744018179,1.7958826106000876,33.97435897435897
24033800409,Census Tract 8004.09; Prince George's County; Maryland,44.4,7047,1930,3620,798,2342,57,4176,242,7015,170,158318,2342,31,2391,0,124,13,6984,41,93,102,0,2342,27,24033,51.369377039875125,2.4233784746970777,3.379152348224513,2.433817250213493,10.483870967741936
24033800410,Census Tract 8004.10; Prince George's County; Maryland,29.6,6681,1337,4235,534,1772,0,3319,102,5303,90,173611,1772,113,1789,6,83,5,6674,168,24,77,10,1772,36,24033,63.38871426433169,1.697152555157458,4.180401558285886,0,6.024096385542169
24033800411,Census Tract 8004.11; Prince George's County; Maryland,41.7,4510,1022,2454,481,1506,85,2058,209,4451,296,131354,1506,195,1604,0,250,81,4494,140,144,64,0,1506,0,24033,54.41241685144124,6.650190968321725,7.74365821094793,5.644090305444887,32.4
24033800412,Census Tract 8004.12; Prince George's County; Maryland,40.3,4787,532,2087,1632,1351,70,2323,137,4779,468,106648,1351,156,1392,0,441,81,4779,16,60,456,60,1351,82,24033,43.59724253185711,9.792843691148775,12.387528771709563,5.181347150259067,18.367346938775512
24033800413,Census Tract 8004.13; Prince George's County; Maryland,36.2,4252,121,3106,347,1469,92,2174,81,4240,496,101135,1469,208,1565,0,589,53,4252,84,153,125,14,1469,33,24033,73.04797742238947,11.69811320754717,8.842897460018815,6.262763784887679,8.99830220713073
24033800504,Census Tract 8005.04; Prince George's County; Maryland,46.4,4442,2092,1563,468,1673,47,2404,74,4409,156,140250,1673,74,1780,0,183,30,4373,10,71,34,0,1673,45,24033,35.18685276902296,3.538217282830574,2.6297736107935057,2.8093245666467426,16.39344262295082
24033800505,Census Tract 8005.05; Prince George's County; Maryland,47.3,2569,1221,795,408,936,3,1286,20,2560,89,134167,936,82,971,0,50,19,2541,22,40,36,0,936,3,24033,30.945893343713507,3.4765625,3.8567493112947657,0.32051282051282054,38
24033800507,Census Tract 8005.07; Prince George's County; Maryland,51,3158,790,2199,244,1314,36,1604,53,3158,229,105517,1314,136,1438,80,513,140,3109,6,7,50,6,1314,19,24033,69.63267891070298,7.2514249525015835,2.2193631392730784,2.73972602739726,27.290448343079923
24033800511,Census Tract 8005.11; Prince George's County; Maryland,38.7,5680,1161,3414,777,1985,78,3334,212,5641,259,121117,1985,113,2059,0,340,91,5592,11,185,57,4,1985,24,24033,60.105633802816904,4.591384506293211,4.59585121602289,3.929471032745592,26.764705882352942
24033800513,Census Tract 8005.13; Prince George's County; Maryland,37.8,7290,2432,3744,418,2338,42,3711,272,7193,113,152500,2338,200,2376,0,128,0,7254,42,21,150,1,2338,11,24033,51.358024691358025,1.5709717781176142,2.950096498483595,1.7964071856287425,0
24033800514,Census Tract 8005.14; Prince George's County; Maryland,40.9,7063,418,5612,213,2193,0,4001,303,6460,270,179340,2193,87,2221,0,205,48,7020,17,336,66,0,2193,0,24033,79.4563216763415,4.179566563467493,5.968660968660969,0,23.414634146341463
24033800515,Census Tract 8005.15; Prince George's County; Maryland,45.2,4375,1068,2760,431,1981,169,2347,130,4290,257,114432,1981,255,2055,0,541,172,4265,66,132,135,34,1981,36,24033,63.08571428571429,5.9906759906759905,8.604923798358733,8.531044926804643,31.79297597042514
24033800516,Census Tract 8005.16; Prince George's County; Maryland,48.4,3715,623,2715,97,1678,28,2004,80,3662,96,124545,1678,69,1705,0,726,189,3654,10,115,21,0,1678,53,24033,73.0820995962315,2.6215182960131074,3.9956212370005475,1.66865315852205,26.03305785123967
24033800517,Census Tract 8005.17; Prince George's County; Maryland,50.5,5216,422,4370,177,1992,0,2802,265,5176,358,186789,1992,47,2014,0,196,38,5205,33,132,15,0,1992,44,24033,83.78067484662577,6.916537867078826,3.4582132564841497,0,19.387755102040817
24033800518,Census Tract 8005.18; Prince George's County; Maryland,42.4,3843,365,3187,57,1232,15,2072,110,3811,210,223782,1232,37,1246,0,0,0,3830,14,55,97,6,1232,32,24033,82.93000260213375,5.510364733665704,4.490861618798956,1.2175324675324675,NA
24033800519,Census Tract 8005.19; Prince George's County; Maryland,43.6,4094,643,3084,309,1464,61,2331,36,4086,70,165702,1464,52,1487,0,80,34,4084,0,8,18,0,1464,0,24033,75.32975085490962,1.713166911404797,0.6366307541625857,4.166666666666667,42.5
24033800520,Census Tract 8005.20; Prince George's County; Maryland,40.5,2368,121,1944,280,1094,96,1338,57,2357,104,86327,1094,139,1118,0,587,232,2364,0,0,63,0,1094,102,24033,82.0945945945946,4.412388629613916,2.66497461928934,8.775137111517367,39.522998296422486
24033800521,Census Tract 8005.21; Prince George's County; Maryland,53.7,6876,519,5664,33,3183,282,3260,119,6777,327,129419,3183,198,3284,0,276,0,6873,0,23,0,0,3183,171,24033,82.37347294938918,4.82514386896857,0.33464280517968864,8.859566446748351,0
24033800522,Census Tract 8005.22; Prince George's County; Maryland,52.4,4118,44,3783,24,1360,57,2385,20,4104,43,191678,1360,103,1360,0,155,0,4099,18,70,42,0,1360,0,24033,91.86498300145702,1.0477582846003899,3.1715052451817516,4.1911764705882355,0
24033800605,Census Tract 8006.05; Prince George's County; Maryland,37.8,5153,699,4108,82,1622,2,2489,147,4328,10,124815,1622,111,1667,23,209,17,4318,9,31,130,15,1622,0,24033,79.72055113526102,0.23105360443622922,4.28439092172302,0.12330456226880394,8.133971291866029
24033800606,Census Tract 8006.06; Prince George's County; Maryland,36.9,4376,560,3529,57,2124,96,2696,208,4376,182,117232,2124,78,2390,10,604,113,4341,0,43,215,0,2124,0,24033,80.64442413162706,4.159049360146252,5.9433310297166555,4.519774011299435,18.70860927152318
24033800607,Census Tract 8006.07; Prince George's County; Maryland,42.9,6425,351,5662,53,2136,139,3450,108,6333,241,174167,2136,338,2145,17,272,13,6407,12,51,177,0,2136,93,24033,88.12451361867704,3.805463445444497,3.745902918682691,6.507490636704119,4.779411764705882
24033800608,Census Tract 8006.08; Prince George's County; Maryland,40,8230,328,7641,79,2842,53,4739,204,8230,413,182184,2842,98,2880,0,107,92,8142,184,80,142,0,2842,29,24033,92.84325637910085,5.018226002430134,4.986489805944485,1.864883884588318,85.98130841121495
24033800609,Census Tract 8006.09; Prince George's County; Maryland,43.6,4003,209,3162,492,1471,76,2040,136,3982,210,107585,1471,280,1492,0,67,42,4000,20,116,22,0,1471,92,24033,78.99075693230077,5.2737317930688095,3.95,5.1665533650577835,62.6865671641791
24033800701,Census Tract 8007.01; Prince George's County; Maryland,43.3,9050,391,7907,351,3131,26,5593,377,9006,140,186090,3131,158,3131,0,290,53,9003,82,8,115,0,3131,50,24033,87.37016574585635,1.554519209415945,2.2770187715206043,0.830405621207282,18.275862068965516
24033800704,Census Tract 8007.04; Prince George's County; Maryland,40.3,5068,516,4435,72,2164,159,2951,14,5063,252,105726,2164,226,2292,0,265,35,5063,54,131,184,0,2164,36,24033,87.50986582478295,4.977286193956153,7.288169069721509,7.347504621072089,13.20754716981132
24033800705,Census Tract 8007.05; Prince George's County; Maryland,44.1,5054,497,3996,290,1643,97,2658,52,5036,187,151838,1643,103,1643,0,180,73,5047,0,239,48,0,1643,28,24033,79.06608626830233,3.7132644956314533,5.6865464632454925,5.9038344491783326,40.55555555555556
24033800706,Census Tract 8007.06; Prince George's County; Maryland,50.8,3623,120,2777,205,1353,9,1799,22,3612,283,160417,1353,140,1392,0,114,52,3603,93,77,54,45,1353,21,24033,76.6491857576594,7.83499446290144,7.466000555092978,0.6651884700665188,45.6140350877193
24033800707,Census Tract 8007.07; Prince George's County; Maryland,47.2,3502,356,2431,600,1391,160,1656,5,3486,299,101164,1391,113,1439,7,241,153,3473,57,27,118,27,1391,160,24033,69.41747572815534,8.577165806081469,6.593723006046646,11.502516175413371,63.48547717842324
24033800800,Census Tract 8008; Prince George's County; Maryland,51.2,3514,1568,1620,136,1313,0,1948,23,3500,125,179306,1313,19,1352,59,110,44,3457,56,49,59,0,1313,46,24033,46.10130904951622,3.5714285714285716,4.743997685854787,0,40
24033800900,Census Tract 8009; Prince George's County; Maryland,43,1536,720,598,70,578,6,712,8,1536,130,106071,578,42,693,30,119,18,1536,0,0,0,0,578,59,24033,38.932291666666664,8.463541666666666,0,1.0380622837370241,15.126050420168067
24033801003,Census Tract 8010.03; Prince George's County; Maryland,42.3,6423,441,4962,720,2266,94,3513,136,6423,579,153750,2266,121,2284,17,40,0,6284,0,202,26,37,2266,154,24033,77.25361980382999,9.014479215319945,4.2170591979630805,4.148278905560459,0
24033801004,Census Tract 8010.04; Prince George's County; Maryland,45.1,5451,1061,3914,289,1761,52,2785,57,5430,234,155503,1761,206,1818,32,53,0,5416,86,65,58,0,1761,41,24033,71.80333883691065,4.30939226519337,3.858936484490399,2.9528676888131744,0
24033801005,Census Tract 8010.05; Prince George's County; Maryland,50.3,3999,221,3057,333,1334,16,2186,25,3990,92,129500,1334,171,1385,0,14,0,3972,6,54,38,24,1334,30,24033,76.44411102775693,2.305764411027569,3.0715005035246725,1.199400299850075,0
24033801006,Census Tract 8010.06; Prince George's County; Maryland,41.9,5381,168,4403,402,1477,22,2639,33,5367,228,142827,1477,307,1517,0,120,0,5367,194,27,46,255,1477,66,24033,81.82493960230441,4.248183342649525,9.726103968697597,1.4895057549085986,0
24033801105,Census Tract 8011.05; Prince George's County; Maryland,25.6,1393,656,375,484,412,29,741,7,1234,56,93125,412,9,432,0,403,144,967,64,20,0,0,412,0,24033,26.920315865039484,4.538087520259319,8.686659772492243,7.038834951456311,35.732009925558316
24033801106,Census Tract 8011.06; Prince George's County; Maryland,21.8,1682,840,532,186,458,19,616,24,1682,27,91667,458,22,581,0,458,104,1275,0,0,7,0,458,2,24033,31.629013079667065,1.6052318668252081,0.5490196078431373,4.148471615720524,22.707423580786028
24033801207,Census Tract 8012.07; Prince George's County; Maryland,47.9,4562,455,3701,322,1557,18,2178,89,4378,199,130024,1557,76,1632,0,67,0,4359,33,151,234,0,1557,38,24033,81.12669881630863,4.545454545454546,9.589355356733195,1.1560693641618498,0
24033801208,Census Tract 8012.08; Prince George's County; Maryland,43.4,5197,327,4591,208,1832,60,2946,261,5157,226,122308,1832,60,1872,0,102,31,5106,0,11,94,0,1832,101,24033,88.33942659226477,4.382392864068256,2.056404230317274,3.2751091703056767,30.392156862745097
24033801209,Census Tract 8012.09; Prince George's County; Maryland,43.7,4308,344,3417,412,1515,60,1859,76,4308,453,109625,1515,86,1600,0,18,0,4297,38,82,142,0,1515,66,24033,79.3175487465181,10.515320334261839,6.097277170118687,3.9603960396039604,0
24033801210,Census Tract 8012.10; Prince George's County; Maryland,40.1,4243,140,3162,272,1653,65,2123,100,4226,483,85529,1653,131,1653,0,313,0,4172,22,171,161,0,1653,51,24033,74.52274334197502,11.429247515380975,8.485139022051774,3.9322444041137325,0
24033801211,Census Tract 8012.11; Prince George's County; Maryland,49.3,2891,283,2056,356,1009,21,1848,121,2891,123,143299,1009,119,1009,0,38,0,2891,36,138,232,47,1009,17,24033,71.11726046350744,4.254583189207887,15.669318574887582,2.0812685827552033,0
24033801212,Census Tract 8012.12; Prince George's County; Maryland,36.7,4102,189,3105,774,1149,11,1981,171,4083,159,121159,1149,71,1184,0,116,0,4064,0,215,207,0,1149,27,24033,75.69478303266699,3.894195444526084,10.383858267716535,0.9573542210617929,0
24033801213,Census Tract 8012.13; Prince George's County; Maryland,39.4,4597,160,2828,1459,1449,13,1857,129,4234,157,110987,1449,219,1625,0,88,20,4542,47,198,154,0,1449,213,24033,61.51838155318686,3.7080774681152575,8.784676354029061,0.8971704623878537,22.727272727272727
24033801214,Census Tract 8012.14; Prince George's County; Maryland,46.6,4023,730,2480,637,1567,101,1988,114,3966,444,90966,1567,183,1624,0,342,80,4012,44,152,154,9,1567,135,24033,61.64553815560527,11.195158850226928,8.9481555333998,6.445437141033823,23.391812865497077
24033801215,Census Tract 8012.15; Prince George's County; Maryland,42.3,2823,86,2177,465,985,35,1610,57,2823,104,157031,985,56,1035,0,85,33,2818,30,34,83,41,985,15,24033,77.11654268508678,3.684024087849805,6.671398154719659,3.553299492385787,38.8235294117647
24033801216,Census Tract 8012.16; Prince George's County; Maryland,47.3,3916,247,2603,943,1252,49,1700,71,3916,671,90441,1252,201,1293,16,221,74,3916,38,94,386,0,1252,74,24033,66.47088866189989,17.134831460674157,13.227783452502553,3.913738019169329,33.484162895927604
24033801217,Census Tract 8012.17; Prince George's County; Maryland,48.6,3928,525,2621,485,1130,19,1812,81,3462,418,145556,1130,128,1168,11,123,70,3504,0,178,55,16,1130,70,24033,66.72606924643584,12.073945696129405,7.1061643835616435,1.6814159292035398,56.91056910569106
24033801302,Census Tract 8013.02; Prince George's County; Maryland,36.4,3210,1404,1253,15,969,3,1552,33,3210,107,118897,969,135,1007,23,44,0,3209,26,107,84,0,969,24,24033,39.034267912772584,3.3333333333333335,6.762231224680586,0.30959752321981426,0
24033801305,Census Tract 8013.05; Prince George's County; Maryland,48.4,6307,522,3960,1029,2072,58,3084,166,6239,429,157162,2072,149,2109,0,227,13,6272,43,85,251,0,2072,44,24033,62.78737910258443,6.876101939413368,6.042729591836735,2.799227799227799,5.726872246696035
24033801307,Census Tract 8013.07; Prince George's County; Maryland,47.3,3708,567,2421,516,1321,101,1909,63,3657,127,161641,1321,91,1409,0,182,27,3706,81,54,48,0,1321,39,24033,65.29126213592232,3.4727919059338257,4.937938478143551,7.645722937168811,14.835164835164836
24033801308,Census Tract 8013.08; Prince George's County; Maryland,49.4,3505,408,2488,378,1253,0,1745,54,3489,112,137072,1253,72,1289,0,28,0,3483,13,27,56,0,1253,74,24033,70.98430813124108,3.210088850673545,2.756244616709733,0,0
24033801309,Census Tract 8013.09; Prince George's County; Maryland,47.5,3939,1055,2299,352,1363,11,2076,50,3932,316,174719,1363,106,1422,11,44,0,3867,29,45,8,0,1363,18,24033,58.36506727595837,8.036622583926755,2.1205068528575124,0.8070432868672047,0
24033801310,Census Tract 8013.10; Prince George's County; Maryland,43.2,7236,650,5312,711,2468,14,3590,68,7230,293,143523,2468,177,2514,0,0,0,7198,0,42,183,0,2468,47,24033,73.41072415699281,4.052558782849239,3.125868296749097,0.5672609400324149,NA
24033801311,Census Tract 8013.11; Prince George's County; Maryland,45.2,6786,480,5321,401,2593,24,4124,208,6755,200,166615,2593,233,2601,28,44,13,6751,0,56,43,0,2593,10,24033,78.41143530798703,2.9607698001480385,1.4664494149014962,0.9255688391824142,29.545454545454547
24033801312,Census Tract 8013.12; Prince George's County; Maryland,40.9,5248,312,3442,1093,1603,46,2512,75,5073,198,127891,1603,86,1627,0,128,12,5048,222,266,342,0,1603,34,24033,65.58689024390245,3.9030159668835007,16.442155309033282,2.8696194635059262,9.375
24033801313,Census Tract 8013.13; Prince George's County; Maryland,47.1,3497,301,1966,961,1084,69,1923,62,3442,26,117381,1084,88,1148,5,143,55,3497,38,16,145,0,1084,33,24033,56.219616814412355,0.7553747821034282,5.690591935945096,6.365313653136531,38.46153846153846
24033801404,Census Tract 8014.04; Prince George's County; Maryland,47.5,6046,1295,2573,1378,2804,101,3751,232,6043,395,118375,2804,163,2963,65,1123,127,5960,516,361,446,0,2804,80,24033,42.557062520674826,6.536488499089856,22.197986577181208,3.601997146932953,11.308993766696348
24033801405,Census Tract 8014.05; Prince George's County; Maryland,43.4,4195,347,1637,1796,1575,180,2004,132,4102,502,74427,1575,315,1706,27,717,250,4137,163,106,278,0,1575,213,24033,39.02264600715137,12.237932715748416,13.222141648537587,11.428571428571429,34.86750348675035
24033801406,Census Tract 8014.06; Prince George's County; Maryland,45.3,2964,308,1893,871,1505,71,1759,147,2964,174,82014,1505,207,1647,0,693,177,2964,54,13,330,0,1505,93,24033,63.8663967611336,5.870445344129554,13.394062078272604,4.717607973421927,25.541125541125542
24033801407,Census Tract 8014.07; Prince George's County; Maryland,40.8,7010,216,5532,1060,2496,16,3829,126,6969,253,140110,2496,191,2601,0,432,46,6976,0,234,285,78,2496,83,24033,78.91583452211127,3.6303630363036303,8.557912844036696,0.6410256410256411,10.648148148148149
24033801408,Census Tract 8014.08; Prince George's County; Maryland,41.9,3341,262,2387,595,1485,68,1723,101,3251,202,82719,1485,72,1568,0,730,80,3338,116,52,211,0,1485,85,24033,71.44567494762047,6.21347277760689,11.354104254044337,4.579124579124579,10.95890410958904
24033801409,Census Tract 8014.09; Prince George's County; Maryland,50.1,2547,350,1356,608,1005,153,1316,132,2517,60,103530,1005,111,1076,0,361,82,2508,51,155,148,0,1005,59,24033,53.23910482921084,2.3837902264600714,14.114832535885167,15.223880597014926,22.714681440443215
24033801410,Census Tract 8014.10; Prince George's County; Maryland,45.1,3826,726,1883,1017,1282,50,2144,211,3790,275,154000,1282,65,1332,0,174,89,3780,92,131,292,0,1282,21,24033,49.215891270256144,7.255936675461742,13.624338624338625,3.9001560062402496,51.14942528735632
24033801411,Census Tract 8014.11; Prince George's County; Maryland,47.2,3259,136,1813,671,1057,19,1740,84,3223,230,129347,1057,103,1098,0,105,0,3250,31,37,54,23,1057,32,24033,55.63056152193924,7.136208501396215,4.461538461538462,1.7975402081362346,0
24033801500,Census Tract 8015; Prince George's County; Maryland,40.5,2385,308,1281,838,763,35,991,28,2375,159,96103,763,115,816,17,76,8,2385,18,117,85,0,763,44,24033,53.710691823899374,6.6947368421052635,9.224318658280922,4.587155963302752,10.526315789473685
24033801600,Census Tract 8016; Prince George's County; Maryland,28.8,2617,235,1468,767,1124,155,1421,111,2494,242,69112,1124,225,1264,27,704,105,2617,180,370,9,0,1124,102,24033,56.09476499808942,9.703287890938253,21.360336262896446,13.790035587188612,14.914772727272727
24033801701,Census Tract 8017.01; Prince George's County; Maryland,36.6,4469,99,3700,529,1778,328,2176,177,4458,581,64339,1778,275,1877,0,972,284,4458,79,135,269,0,1778,185,24033,82.7925710449765,13.032750112157919,10.834454912516824,18.44769403824522,29.218106995884774
24033801702,Census Tract 8017.02; Prince George's County; Maryland,40.1,4045,337,3113,695,1783,310,1871,198,4021,407,72991,1783,390,2105,0,1337,372,4021,60,18,266,0,1783,67,24033,76.95920889987639,10.121860233772694,8.55508579955235,17.386427369601794,27.82348541510845
24033801704,Census Tract 8017.04; Prince George's County; Maryland,43.6,4664,97,3683,553,2344,500,2571,480,4664,728,54683,2344,716,2495,0,1853,566,4645,0,89,123,0,2344,231,24033,78.96655231560892,15.608919382504288,4.564047362755651,21.331058020477816,30.545062061521858
24033801707,Census Tract 8017.07; Prince George's County; Maryland,37.4,6797,75,3428,3294,2379,292,4101,839,6794,460,80830,2379,194,2590,0,1414,240,6797,279,351,929,100,2379,249,24033,50.43401500662057,6.770680011775096,24.407826982492278,12.274064733081126,16.973125884016973
24033801709,Census Tract 8017.09; Prince George's County; Maryland,38.2,5755,234,3869,1534,2121,194,2302,143,5755,1720,79555,2121,227,2158,0,998,202,5755,46,158,421,32,2121,187,24033,67.22849695916594,29.88705473501303,11.416159860990444,9.146628948609147,20.240480961923847
24033801801,Census Tract 8018.01; Prince George's County; Maryland,32.3,2044,74,1908,53,858,130,971,304,2044,437,55625,858,181,880,11,564,220,2044,0,40,32,0,858,93,24033,93.34637964774952,21.379647749510763,3.522504892367906,15.151515151515152,39.00709219858156
24033801802,Census Tract 8018.02; Prince George's County; Maryland,42,3769,453,3185,400,1810,344,2013,292,3769,226,76907,1810,194,1955,0,915,237,3769,0,19,128,0,1810,103,24033,84.50517378615017,5.996285486866543,3.900238790130008,19.005524861878452,25.901639344262296
24033801807,Census Tract 8018.07; Prince George's County; Maryland,38.6,4651,221,4357,208,2070,319,2216,461,4635,384,82083,2070,336,2308,0,1101,281,4635,26,43,84,20,2070,190,24033,93.67877875725651,8.284789644012944,3.732470334412082,15.41062801932367,25.522252497729337
24033801808,Census Tract 8018.08; Prince George's County; Maryland,37.7,3463,361,2740,287,1580,140,1792,239,3463,609,67500,1580,329,1588,0,992,234,3463,0,102,100,0,1580,96,24033,79.12214842622004,17.58590817210511,5.833092694195784,8.860759493670885,23.588709677419356
24033801809,Census Tract 8018.09; Prince George's County; Maryland,43.4,4501,405,3586,455,1957,346,2209,405,4493,663,72128,1957,156,2088,0,812,306,4413,43,8,87,20,1957,213,24033,79.67118418129304,14.756287558424216,3.580330840697938,17.68012263668881,37.68472906403941
24033801901,Census Tract 8019.01; Prince George's County; Maryland,43.1,4918,481,3956,470,1657,110,2336,169,4824,366,126932,1657,113,1724,0,125,25,4913,111,138,130,11,1657,124,24033,80.43920292801953,7.587064676616915,7.938123346224303,6.63850331925166,20
24033801904,Census Tract 8019.04; Prince George's County; Maryland,39.7,3334,153,2340,647,1327,174,2010,139,3310,274,112550,1327,250,1382,8,611,136,3310,0,243,147,29,1327,109,24033,70.18596280743851,8.277945619335348,12.658610271903322,13.112283345892992,22.25859247135843
24033801905,Census Tract 8019.05; Prince George's County; Maryland,42.2,6705,802,5152,170,3251,281,4185,481,6705,631,105465,3251,368,3286,36,1885,309,6673,22,190,231,22,3251,247,24033,76.83818046234154,9.41088739746458,6.9683800389629855,8.643494309443248,16.392572944297083
24033801906,Census Tract 8019.06; Prince George's County; Maryland,36.5,1850,330,1167,299,786,44,911,54,1842,209,77296,786,125,862,3,386,98,1847,0,2,19,0,786,94,24033,63.08108108108108,11.346362649294246,1.136978884677856,5.597964376590331,25.38860103626943
24033801907,Census Tract 8019.07; Prince George's County; Maryland,56.5,3242,132,2953,115,1839,573,1419,257,3242,534,58230,1839,415,2006,0,1070,318,3242,10,51,11,0,1839,208,24033,91.08574953732264,16.47131400370142,2.2208513263417644,31.158238172920065,29.7196261682243
24033801908,Census Tract 8019.08; Prince George's County; Maryland,40.2,3057,4,2823,77,1377,347,2067,225,3057,249,71845,1377,336,1548,0,1337,128,3050,19,43,343,0,1377,154,24033,92.34543670264965,8.145240431795878,13.278688524590164,25.199709513435003,9.573672400897532
24033802001,Census Tract 8020.01; Prince George's County; Maryland,37.7,4707,147,4271,231,2165,628,2258,396,4696,745,66262,2165,694,2231,0,1608,364,4686,0,272,113,32,2165,55,24033,90.73719991502018,15.864565587734242,8.898847631241997,29.006928406466514,22.63681592039801
24033802002,Census Tract 8020.02; Prince George's County; Maryland,46.7,4109,171,3526,336,1798,198,2383,98,4098,119,105548,1798,240,1841,0,379,103,4098,36,65,197,0,1798,134,24033,85.81163300073011,2.9038555392874574,7.271839921913128,11.012235817575084,27.176781002638524
24033802103,Census Tract 8021.03; Prince George's County; Maryland,34.9,2884,161,2100,376,1063,21,1326,112,2780,349,68646,1063,244,1123,0,155,36,2873,54,47,53,0,1063,111,24033,72.81553398058253,12.553956834532373,5.3602506091193876,1.975540921919097,23.225806451612904
24033802104,Census Tract 8021.04; Prince George's County; Maryland,47,1962,75,1735,106,967,125,912,144,1962,258,59293,967,182,1072,0,523,252,1962,0,8,78,0,967,124,24033,88.4301732925586,13.149847094801224,4.383282364933741,12.926577042399172,48.18355640535373
24033802106,Census Tract 8021.06; Prince George's County; Maryland,33.6,4872,53,3793,813,1863,493,2336,681,4764,843,68839,1863,475,2125,27,1224,375,4872,39,239,109,0,1863,237,24033,77.85303776683087,17.69521410579345,7.943349753694581,26.462694578636608,30.637254901960784
24033802107,Census Tract 8021.07; Prince George's County; Maryland,29.8,3905,32,3797,36,1621,244,2111,432,3905,445,72367,1621,148,1696,0,1292,303,3905,0,89,151,0,1621,85,24033,97.23431498079385,11.395646606914212,6.145966709346991,15.052436767427514,23.45201238390093
24033802201,Census Tract 8022.01; Prince George's County; Maryland,34,5232,1376,3487,783,2173,108,3026,135,5232,579,120143,2173,111,2204,29,201,10,5151,103,58,218,0,2173,85,24033,66.64755351681957,11.06651376146789,7.357794602989711,4.970087436723424,4.975124378109452
24033802203,Census Tract 8022.03; Prince George's County; Maryland,41.5,4462,58,3800,407,1719,220,1885,250,4307,575,70553,1719,191,1906,0,597,181,4307,136,89,121,0,1719,193,24033,85.16360376512775,13.35035987926631,8.03343394474112,12.798138452588715,30.31825795644891
24033802204,Census Tract 8022.04; Prince George's County; Maryland,49.3,4969,53,4351,246,1931,103,2502,262,4969,107,106477,1931,69,2052,30,190,51,4969,146,0,42,21,1931,75,24033,87.56288991748843,2.1533507748037835,4.206077681626081,5.334023821853962,26.842105263157894
24033802301,Census Tract 8023.01; Prince George's County; Maryland,41.9,3152,244,2532,239,1119,100,1800,270,3126,424,110865,1119,112,1169,0,119,6,3128,0,151,85,0,1119,7,24033,80.32994923857868,13.563659628918746,7.544757033248082,8.936550491510276,5.042016806722689
24033802404,Census Tract 8024.04; Prince George's County; Maryland,30.3,3817,14,3725,0,1668,407,1697,335,3813,561,51032,1668,550,1793,0,1249,370,3813,0,256,33,0,1668,109,24033,97.58973015457165,14.712824547600315,7.579333857854707,24.400479616306953,29.623698959167335
24033802405,Census Tract 8024.05; Prince George's County; Maryland,40.5,3501,30,3436,0,1606,261,1745,345,3501,238,80592,1606,223,1873,0,1111,167,3501,0,71,51,33,1606,222,24033,98.14338760354184,6.798057697800628,4.427306483861754,16.251556662515565,15.031503150315032
24033802406,Census Tract 8024.06; Prince George's County; Maryland,45.4,2191,54,1822,214,945,205,1159,359,2174,248,69476,945,173,1060,22,549,121,2180,34,23,121,0,945,21,24033,83.15837517115473,11.40754369825207,8.1651376146789,21.693121693121693,22.040072859744992
24033802407,Census Tract 8024.07; Prince George's County; Maryland,47.3,3281,28,3052,141,1992,272,2054,288,3267,404,62143,1992,369,2189,15,1704,305,3281,0,0,69,0,1992,130,24033,93.02042060347455,12.366085093357821,2.10301737275221,13.654618473895582,17.899061032863848
24033802408,Census Tract 8024.08; Prince George's County; Maryland,44.7,2041,62,1605,341,1078,170,1142,312,2041,192,58250,1078,75,1186,0,750,269,2041,35,69,266,0,1078,115,24033,78.63792258696718,9.407153356197941,18.128368446839783,15.769944341372913,35.86666666666667
24033802501,Census Tract 8025.01; Prince George's County; Maryland,39.5,2456,71,2188,149,1289,255,1226,267,2456,557,61198,1289,171,1353,0,802,306,2456,0,18,120,0,1289,121,24033,89.08794788273616,22.679153094462542,5.618892508143323,19.78277734678045,38.15461346633416
24033802502,Census Tract 8025.02; Prince George's County; Maryland,36.2,2553,230,2067,281,944,107,1195,165,2485,89,92019,944,45,957,0,94,18,2553,0,28,10,9,944,21,24033,80.9635722679201,3.5814889336016096,1.8409714061887974,11.334745762711865,19.148936170212767
24033802600,Census Tract 8026; Prince George's County; Maryland,45.2,3203,17,2870,316,1290,266,1892,133,3203,367,90625,1290,78,1384,0,251,84,3203,38,65,185,0,1290,133,24033,89.60349672182329,11.458008117389946,8.991570402747424,20.62015503875969,33.46613545816733
24033802700,Census Tract 8027; Prince George's County; Maryland,37.7,2447,275,1671,795,925,101,1088,147,2435,305,77138,925,244,966,14,353,82,2417,0,48,90,5,925,116,24033,68.28769922353902,12.525667351129364,5.916425320645428,10.91891891891892,23.229461756373937
24033802803,Census Tract 8028.03; Prince George's County; Maryland,35.8,5856,131,4906,481,2371,336,3255,508,5856,880,98353,2371,471,2462,50,894,357,5856,59,89,119,42,2371,195,24033,83.77732240437159,15.027322404371585,5.276639344262295,14.17123576549979,39.93288590604027
24033802804,Census Tract 8028.04; Prince George's County; Maryland,45.1,5074,257,4154,803,1861,154,2118,395,5074,471,70444,1861,461,2067,30,554,154,5074,0,35,140,0,1861,126,24033,81.86834844304296,9.282617264485612,3.448955459203784,8.275120902740461,27.79783393501805
24033802805,Census Tract 8028.05; Prince George's County; Maryland,40.5,5268,148,4193,842,1862,258,2421,358,5268,174,89375,1862,327,1949,46,334,69,5264,137,176,139,9,1862,134,24033,79.59377372817008,3.3029612756264237,8.75759878419453,13.856068743286789,20.65868263473054
24033802901,Census Tract 8029.01; Prince George's County; Maryland,37.5,4042,41,3056,855,1869,366,1519,130,4042,708,53789,1869,613,1964,0,875,104,4032,16,147,112,0,1869,220,24033,75.6061355764473,17.51608114794656,6.820436507936508,19.582664526484752,11.885714285714286
24033803001,Census Tract 8030.01; Prince George's County; Maryland,33.5,3172,124,2622,402,1197,49,1600,320,3141,399,69112,1197,154,1241,12,440,33,3111,10,26,107,0,1197,95,24033,82.66078184110971,12.702960840496656,4.596592735454838,4.093567251461988,7.5
24033803002,Census Tract 8030.02; Prince George's County; Maryland,43,2588,157,2035,357,1072,118,1190,142,2588,282,69025,1072,101,1159,0,337,180,2588,30,16,105,80,1072,207,24033,78.63214837712519,10.896445131375579,8.9258114374034,11.007462686567164,53.41246290801187
24033803100,Census Tract 8031; Prince George's County; Maryland,34.8,3448,210,2857,244,1214,118,1416,341,3448,901,59821,1214,214,1277,0,550,167,3448,382,85,195,0,1214,66,24033,82.85962877030163,26.13109048723898,19.19953596287703,9.71993410214168,30.363636363636363
24033803200,Census Tract 8032; Prince George's County; Maryland,33.2,2757,35,2285,374,1161,292,1436,196,2660,346,58306,1161,158,1190,15,769,133,2757,0,122,116,0,1161,85,24033,82.87994196590498,13.007518796992482,8.632571635836054,25.150732127476314,17.29518855656697
24033803300,Census Tract 8033; Prince George's County; Maryland,39.9,4546,81,2907,1316,1645,52,2247,162,4546,351,80037,1645,196,1769,0,516,30,4546,43,60,154,0,1645,68,24033,63.9463264408271,7.721073471183458,5.653321601407831,3.161094224924012,5.813953488372093
24033803403,Census Tract 8034.03; Prince George's County; Maryland,36.4,5566,322,3878,1294,2273,511,2458,273,5549,1309,55655,2273,579,2392,33,1149,349,5566,330,428,357,9,2273,211,24033,69.67301473230327,23.589836006487655,20.19403521379806,22.481302243730752,30.374238468233248
24033803508,Census Tract 8035.08; Prince George's County; Maryland,32.9,3842,49,2633,599,1211,87,1735,109,3830,895,78102,1211,281,1226,0,635,161,3830,99,178,273,5,1211,109,24033,68.5320145757418,23.368146214099216,14.490861618798956,7.184145334434352,25.35433070866142
24033803509,Census Tract 8035.09; Prince George's County; Maryland,31.4,3854,221,2640,707,1411,278,2041,151,3834,947,57670,1411,317,1503,9,1018,358,3854,73,295,238,23,1411,116,24033,68.50025947067981,24.700052164840898,16.32070576024909,19.702338766832035,35.16699410609037
24033803512,Census Tract 8035.12; Prince George's County; Maryland,45.8,5839,319,5214,94,2560,86,3548,246,5762,317,115326,2560,158,2735,0,838,65,5718,45,91,103,16,2560,15,24033,89.2961123480048,5.501561957653593,4.459601259181532,3.359375,7.756563245823389
24033803513,Census Tract 8035.13; Prince George's County; Maryland,34.5,5914,119,5138,0,2389,134,3229,595,5914,451,105484,2389,240,2605,0,1022,240,5914,151,164,0,0,2389,254,24033,86.87859316875212,7.625972269191748,5.326344267839026,5.609041439933026,23.483365949119374
24033803514,Census Tract 8035.14; Prince George's County; Maryland,38.8,4949,196,4419,261,2779,229,3059,422,4949,361,104727,2779,208,3052,12,1572,303,4849,75,160,57,0,2779,72,24033,89.29076581127501,7.294402909678723,6.021860177356156,8.240374235336452,19.27480916030534
24033803516,Census Tract 8035.16; Prince George's County; Maryland,43.1,4497,322,3815,122,1609,15,2402,188,4490,153,147538,1609,230,1703,0,114,0,4490,19,20,94,4,1609,12,24033,84.83433400044474,3.4075723830734965,3.0512249443207127,0.9322560596643878,0
24033803519,Census Tract 8035.19; Prince George's County; Maryland,40.4,6320,96,5985,303,2689,58,3444,466,6271,240,100313,2689,369,2833,136,1717,437,6313,288,33,185,43,2689,39,24033,94.6993670886076,3.8271408068888535,8.696340883890384,2.156935663815545,25.45136866627839
24033803520,Census Tract 8035.20; Prince George's County; Maryland,48,4563,163,3784,160,1588,30,2743,77,4469,116,171310,1588,106,1683,0,33,0,4469,11,73,21,0,1588,11,24033,82.92789831251369,2.595658984112777,2.349518908033117,1.8891687657430731,0
24033803521,Census Tract 8035.21; Prince George's County; Maryland,44.8,8491,700,7159,505,2926,169,4764,144,8340,65,172500,2926,85,2961,0,334,131,8333,15,8,158,49,2926,61,24033,84.31280179013072,0.7793764988009593,2.7601104044161766,5.775803144224197,39.221556886227546
24033803524,Census Tract 8035.24; Prince George's County; Maryland,32.1,5608,110,4615,957,1739,37,2646,152,5608,568,101968,1739,246,1825,0,553,80,5599,80,168,287,0,1739,85,24033,82.29315263908701,10.128388017118402,9.555277728165743,2.127659574468085,14.466546112115733
24033803525,Census Tract 8035.25; Prince George's County; Maryland,35.8,2070,19,1761,0,984,139,1043,79,2070,532,53913,984,162,1081,0,826,329,2070,0,11,79,0,984,0,24033,85.07246376811594,25.70048309178744,4.3478260869565215,14.126016260162602,39.83050847457627
24033803526,Census Tract 8035.26; Prince George's County; Maryland,48.8,3488,87,3117,210,1392,19,2163,215,3395,140,108300,1392,185,1398,6,215,63,3356,0,35,119,0,1392,31,24033,89.36353211009174,4.123711340206185,4.588796185935638,1.3649425287356323,29.302325581395348
24033803527,Census Tract 8035.27; Prince George's County; Maryland,39.6,3502,80,2914,447,1295,131,1598,99,3502,326,115901,1295,202,1303,0,192,16,3463,8,35,7,0,1295,9,24033,83.20959451741862,9.308966304968589,1.443834825295986,10.115830115830116,8.333333333333334
24033803528,Census Tract 8035.28; Prince George's County; Maryland,49.1,7371,252,6584,421,2619,85,3538,343,7357,330,140703,2619,131,2686,7,494,144,7332,151,179,214,89,2619,44,24033,89.32302265635599,4.485523990757102,8.633387888707038,3.245513554791905,29.149797570850204
24033803601,Census Tract 8036.01; Prince George's County; Maryland,43.9,3825,125,2588,1003,1137,111,1920,88,3818,77,114957,1137,211,1155,0,48,0,3818,180,123,274,0,1137,72,24033,67.66013071895425,2.0167627029858566,15.112624410686223,9.762532981530343,0
24033803602,Census Tract 8036.02; Prince George's County; Maryland,36.7,2199,105,1800,308,829,86,894,88,2181,444,69335,829,98,851,0,349,88,2193,21,59,128,11,829,85,24033,81.85538881309687,20.357634112792297,9.986320109439124,10.37394451145959,25.214899713467048
24033803605,Census Tract 8036.05; Prince George's County; Maryland,33.2,7504,501,3170,3530,2018,283,3419,296,7435,955,110699,2018,225,2106,35,414,152,7462,66,393,594,0,2018,151,24033,42.24413646055437,12.844653665097512,14.111498257839722,14.023785926660059,36.71497584541063
24033803606,Census Tract 8036.06; Prince George's County; Maryland,38.3,5101,535,2496,2091,1427,19,2653,187,5086,577,102740,1427,155,1447,0,138,48,5086,167,288,293,0,1427,39,24033,48.93158204273672,11.344868265827763,14.707038930397168,1.3314646110721795,34.78260869565217
24033803607,Census Tract 8036.07; Prince George's County; Maryland,45.1,3688,304,2341,868,1022,2,1640,56,3666,278,122031,1022,99,1097,45,134,21,3686,68,117,128,0,1022,87,24033,63.4761388286334,7.583196944899073,8.49158979924037,0.19569471624266144,15.671641791044776
24033803608,Census Tract 8036.08; Prince George's County; Maryland,37.9,6910,463,3466,2697,1835,99,3172,151,6858,516,95701,1835,257,1975,0,514,175,6868,93,412,775,12,1835,142,24033,50.159189580318376,7.524059492563429,18.81188118811881,5.395095367847412,34.04669260700389
24033803610,Census Tract 8036.10; Prince George's County; Maryland,33.7,4049,672,2124,1250,1093,68,1783,91,3988,583,87972,1093,197,1114,0,416,49,4036,49,205,234,0,1093,7,24033,52.45739688812052,14.618856569709127,12.091179385530229,6.221408966148216,11.778846153846153
24033803612,Census Tract 8036.12; Prince George's County; Maryland,31,3941,423,2738,938,1524,181,1949,301,3941,612,69387,1524,177,1575,0,1185,257,3924,28,276,208,0,1524,112,24033,69.47475260086273,15.529053539710734,13.047910295616717,11.876640419947506,21.68776371308017
24033803613,Census Tract 8036.13; Prince George's County; Maryland,32.9,7018,242,4989,1652,2610,391,3372,323,6987,627,71685,2610,476,2799,9,1882,420,6987,139,469,429,0,2610,65,24033,71.08862923909946,8.973808501502791,14.841849148418492,14.980842911877394,22.316684378320936
24033803700,Census Tract 8037; Prince George's County; Maryland,35.8,3113,576,757,2080,813,58,1467,172,3006,141,94471,813,169,823,0,59,0,3108,73,83,251,4,813,24,24033,24.317378734339865,4.69061876247505,13.223938223938225,7.134071340713407,0
24033803801,Census Tract 8038.01; Prince George's County; Maryland,36,2500,415,867,1190,687,45,1133,57,2495,245,103006,687,81,749,7,54,16,2495,93,77,328,0,687,60,24033,34.68,9.819639278557114,19.95991983967936,6.550218340611353,29.62962962962963
24033803803,Census Tract 8038.03; Prince George's County; Maryland,35.7,6244,964,1882,3865,1724,69,3043,111,6089,405,88409,1724,206,1780,0,381,94,6244,126,402,979,0,1724,179,24033,30.14093529788597,6.651338479224831,24.135169762972453,4.002320185614849,24.671916010498688
24033803900,Census Tract 8039; Prince George's County; Maryland,29.9,4196,281,710,3252,1011,191,1774,150,4196,1024,81020,1011,139,1044,0,560,190,4196,674,616,684,0,1011,123,24033,16.9208770257388,24.40419447092469,47.044804575786465,18.892185954500494,33.92857142857143
24033804001,Census Tract 8040.01; Prince George's County; Maryland,31.9,5413,180,3773,1544,2059,188,2238,121,5413,655,62014,2059,510,2317,70,1900,348,5413,382,230,644,143,2059,140,24033,69.70256789211159,12.100498799187141,25.84518751154628,9.130645944633317,18.31578947368421
24033804002,Census Tract 8040.02; Prince George's County; Maryland,25.8,4786,626,1749,2688,1205,178,1694,312,4655,866,69960,1205,186,1253,48,687,93,4786,48,228,617,0,1205,119,24033,36.54408692018387,18.603651987110634,18.658587547012118,14.771784232365146,13.537117903930131
24033804101,Census Tract 8041.01; Prince George's County; Maryland,34.7,2957,589,1430,660,1072,62,1271,83,2952,242,84792,1072,68,1072,0,488,48,2952,295,150,90,0,1072,51,24033,48.35982414609401,8.197831978319783,18.12330623306233,5.7835820895522385,9.836065573770492
24033804102,Census Tract 8041.02; Prince George's County; Maryland,36.2,6715,243,4192,2330,2273,382,3457,242,6553,1027,86861,2273,586,2453,43,1206,436,6664,93,190,573,0,2273,241,24033,62.42740134028295,15.672211200976651,12.845138055222089,16.80598328200616,36.15257048092869
24033804200,Census Tract 8042; Prince George's County; Maryland,42.4,2794,1199,855,248,1205,12,1590,203,2771,101,152865,1205,10,1243,12,112,0,2777,0,0,48,0,1205,31,24033,30.601288475304223,3.644893540238181,1.7284839755131436,0.995850622406639,0
24033804300,Census Tract 8043; Prince George's County; Maryland,33.3,3556,55,1931,1473,1220,282,1962,198,3510,434,74821,1220,275,1286,0,828,228,3556,170,296,252,0,1220,67,24033,54.30258717660293,12.364672364672364,20.191226096737907,23.114754098360656,27.536231884057973
24033804400,Census Tract 8044; Prince George's County; Maryland,39.6,2741,493,687,1604,921,112,1592,156,2724,190,94479,921,107,965,10,227,69,2738,110,173,280,9,921,66,24033,25.063845311929953,6.97503671071953,20.89116143170197,12.160694896851249,30.39647577092511
24033804600,Census Tract 8046; Prince George's County; Maryland,37.7,3621,437,1192,1779,1270,36,1949,323,3566,439,79000,1270,194,1342,57,484,107,3590,72,124,394,0,1270,104,24033,32.91908312620823,12.310712282669657,16.434540389972145,2.8346456692913384,22.107438016528924
24033804700,Census Tract 8047; Prince George's County; Maryland,40.9,3370,1301,1366,465,1483,189,1723,208,3370,160,67289,1483,102,1525,28,589,107,3354,187,162,90,0,1483,143,24033,40.53412462908012,4.747774480712166,13.088849135360764,12.744436952124072,18.166383701188455
24033804801,Census Tract 8048.01; Prince George's County; Maryland,40.4,2662,164,1536,1094,1382,253,1809,438,2662,176,69515,1382,221,1397,0,1376,279,2608,11,62,451,0,1382,75,24033,57.700976709241175,6.6115702479338845,20.0920245398773,18.306801736613604,20.276162790697676
24033804802,Census Tract 8048.02; Prince George's County; Maryland,32.2,3015,125,1352,1773,1197,375,1467,327,2980,275,62356,1197,74,1287,0,1186,268,3015,152,302,443,0,1197,130,24033,44.8424543946932,9.228187919463087,29.751243781094526,31.328320802005013,22.596964586846543
24033804900,Census Tract 8049; Prince George's County; Maryland,49,3752,651,1894,914,1485,318,1733,404,3414,460,70453,1485,286,1586,0,1048,324,3443,66,243,259,26,1485,139,24033,50.47974413646055,13.473930872876391,17.252396166134186,21.414141414141415,30.916030534351144
24033805000,Census Tract 8050; Prince George's County; Maryland,39.4,5921,387,3628,2024,2338,629,3035,388,5836,458,77230,2338,303,2389,0,1364,220,5916,32,308,410,0,2338,230,24033,61.27343354163148,7.847840986977382,12.677484787018255,26.90333618477331,16.129032258064516
24033805101,Census Tract 8051.01; Prince George's County; Maryland,34.6,3794,202,633,2820,1241,168,2095,563,3794,671,75375,1241,128,1255,0,845,125,3784,103,445,747,0,1241,29,24033,16.68423827095414,17.68581971534001,34.223044397463,13.537469782433522,14.792899408284024
24033805201,Census Tract 8052.01; Prince George's County; Maryland,30.6,4902,104,2072,2568,1375,107,2238,109,4808,468,90788,1375,80,1409,0,897,94,4867,460,672,516,27,1375,16,24033,42.26846185230518,9.733777038269551,34.41545099650709,7.781818181818182,10.479375696767
24033805202,Census Tract 8052.02; Prince George's County; Maryland,32.7,3913,155,2188,1461,1149,50,1971,239,3631,354,64442,1149,265,1211,0,822,255,3813,262,372,412,0,1149,91,24033,55.91617684640941,9.749380335995593,27.43246787306583,4.351610095735422,31.021897810218977
24033805500,Census Tract 8055; Prince George's County; Maryland,32.8,4004,426,572,3193,1156,129,2110,139,3958,741,88033,1156,126,1215,0,652,133,3988,301,708,652,0,1156,86,24033,14.285714285714286,18.72157655381506,41.64994984954865,11.15916955017301,20.39877300613497
24033805601,Census Tract 8056.01; Prince George's County; Maryland,27.2,6916,45,144,6662,1709,601,3232,594,6838,2746,59432,1709,159,1750,0,1633,689,6916,701,1887,1698,0,1709,264,24033,2.0821283979178715,40.157940918397195,61.97223828802776,35.166764189584555,42.192284139620334
24033805602,Census Tract 8056.02; Prince George's County; Maryland,26.1,6430,86,467,5902,1420,332,2549,386,6360,2142,83670,1420,234,1420,0,1360,376,6430,619,1174,1728,12,1420,11,24033,7.262830482115086,33.679245283018865,54.94556765163297,23.380281690140844,27.647058823529413
24033805700,Census Tract 8057; Prince George's County; Maryland,33.6,6907,706,1812,4507,1773,253,3143,426,6756,1145,91964,1773,381,1773,0,1067,232,6905,256,782,1350,54,1773,112,24033,26.23425510351817,16.947898164594434,35.365677045619115,14.269599548787365,21.74320524835989
24033805801,Census Tract 8058.01; Prince George's County; Maryland,38.8,3962,85,1223,2502,988,62,1940,264,3906,554,93750,988,68,1123,0,171,76,3962,49,313,546,35,988,75,24033,30.868248359414437,14.183307731694828,23.801110550227158,6.275303643724697,44.44444444444444
24033805802,Census Tract 8058.02; Prince George's County; Maryland,40.3,4623,126,1235,3180,1228,200,2611,419,4580,319,101250,1228,130,1245,0,332,96,4601,144,523,767,0,1228,18,24033,26.71425481289206,6.965065502183406,31.16713757878722,16.286644951140065,28.91566265060241
24033805904,Census Tract 8059.04; Prince George's County; Maryland,37.4,4059,693,648,2850,948,6,2090,110,3834,533,119583,948,74,999,0,259,45,3861,151,230,697,0,948,32,24033,15.964523281596453,13.901930099113198,27.92022792022792,0.6329113924050633,17.374517374517374
24033805906,Census Tract 8059.06; Prince George's County; Maryland,29.1,3718,248,932,2414,1282,83,2012,184,3677,680,75163,1282,86,1467,0,999,214,3718,158,377,437,0,1282,135,24033,25.067240451855838,18.493336959477837,26.14308768154922,6.4742589703588145,21.42142142142142
24033805907,Census Tract 8059.07; Prince George's County; Maryland,33.3,3713,446,1688,1738,1273,201,1771,243,3713,655,51979,1273,309,1345,0,877,161,3713,212,438,541,34,1273,61,24033,45.461890654457314,17.64072178831134,32.992189604093724,15.789473684210526,18.358038768529077
24033805908,Census Tract 8059.08; Prince George's County; Maryland,31.5,2763,202,1578,726,1258,328,1907,462,2734,414,80319,1258,85,1527,0,983,202,2763,47,219,236,48,1258,13,24033,57.11183496199783,15.142648134601316,19.905899384726748,26.073131955484897,20.54933875890132
24033805909,Census Tract 8059.09; Prince George's County; Maryland,31.1,4936,924,2343,1205,1927,427,3230,670,4905,308,94771,1927,217,2022,0,1593,316,4936,0,323,213,0,1927,51,24033,47.467585089141004,6.279306829765545,10.85899513776337,22.158796056045666,19.836785938480855
24033806000,Census Tract 8060; Prince George's County; Maryland,35.1,6432,686,1148,3815,2281,378,4036,733,6432,561,88217,2281,182,2317,0,1308,290,6432,128,507,865,0,2281,75,24033,17.84825870646766,8.722014925373134,23.32089552238806,16.571679088119247,22.171253822629968
24033806100,Census Tract 8061; Prince George's County; Maryland,37.2,4353,1906,1158,1324,1478,87,2480,286,4285,124,112736,1478,109,1588,0,507,71,4286,0,129,78,0,1478,37,24033,26.602343211578223,2.893815635939323,4.829678021465235,5.886332882273343,14.003944773175542
24033806400,Census Tract 8064; Prince George's County; Maryland,40.6,3837,2235,709,359,1575,158,2181,192,3837,460,159327,1575,43,1659,0,458,253,3824,0,49,95,0,1575,2,24033,18.47797758665624,11.988532707844671,3.7656903765690375,10.031746031746032,55.24017467248908
24033806501,Census Tract 8065.01; Prince George's County; Maryland,39.1,5397,1078,966,3289,1609,175,2730,212,5200,909,78472,1609,286,1688,32,1022,393,5199,95,341,1067,0,1609,65,24033,17.898832684824903,17.48076923076923,28.90940565493364,10.876320696084525,38.454011741682976
24033806601,Census Tract 8066.01; Prince George's County; Maryland,32.3,5698,1395,660,4548,1473,139,3031,212,5698,842,82790,1473,144,1575,0,733,206,5698,350,880,1133,82,1473,203,24033,11.583011583011583,14.777114777114777,42.90979290979291,9.436524100475221,28.10368349249659
24033806602,Census Tract 8066.02; Prince George's County; Maryland,27.8,4967,673,1274,2411,1340,148,2181,277,4867,947,83750,1340,180,1340,0,552,193,4967,215,409,389,51,1340,99,24033,25.64928528286692,19.45757139921923,21.421381115361385,11.044776119402986,34.96376811594203
24033806706,Census Tract 8067.06; Prince George's County; Maryland,46.8,3853,749,1570,970,1400,105,1762,220,3810,183,99236,1400,71,1579,0,326,83,3839,18,180,186,19,1400,83,24033,40.74746950428238,4.803149606299213,10.497525397238864,7.5,25.460122699386503
24033806708,Census Tract 8067.08; Prince George's County; Maryland,50.8,3932,1723,1382,336,2277,160,2338,198,3932,293,69019,2277,211,2386,0,1103,291,3903,0,67,37,0,2277,245,24033,35.14750762970498,7.451678535096643,2.6646169613118116,7.0267896354852875,26.382592928377154
24033806710,Census Tract 8067.10; Prince George's County; Maryland,48,4472,917,2128,850,2130,160,2897,305,4466,167,115789,2130,82,2274,0,656,19,4472,0,0,81,0,2130,0,24033,47.58497316636851,3.73936408419167,1.8112701252236136,7.511737089201878,2.8963414634146343
24033806711,Census Tract 8067.11; Prince George's County; Maryland,30.6,4979,257,3469,912,1791,140,2345,139,4825,584,78373,1791,178,1961,23,880,330,4759,33,96,62,9,1791,45,24033,69.67262502510545,12.103626943005182,4.202563563773902,7.816862088218872,37.5
24033806712,Census Tract 8067.12; Prince George's County; Maryland,40.7,3727,528,2837,168,1545,284,1942,164,3727,1011,86989,1545,124,1689,60,653,159,3727,84,70,190,0,1545,45,24033,76.1202039173598,27.126375100617118,9.229943654413738,18.381877022653722,24.34915773353752
24033806713,Census Tract 8067.13; Prince George's County; Maryland,30.9,3448,288,1916,811,1333,475,1508,335,3448,595,70354,1333,281,1360,34,1298,344,3437,0,236,333,0,1333,103,24033,55.56844547563805,17.256380510440835,16.555135292406167,35.63390847711928,26.50231124807396
24033806714,Census Tract 8067.14; Prince George's County; Maryland,25.3,6542,353,2795,2054,2074,250,3021,515,6429,1947,97132,2074,536,2090,17,1669,483,6542,562,296,355,21,2074,46,24033,42.72393763375115,30.28464769015399,18.862733109140937,12.054001928640309,28.939484721390055
24033806800,Census Tract 8068; Prince George's County; Maryland,36,4012,1778,392,2115,1188,36,1977,101,3999,214,146389,1188,24,1292,30,136,26,4005,46,249,267,0,1188,50,24033,9.770687936191425,5.351337834458614,14.032459425717853,3.0303030303030303,19.11764705882353
24033806900,Census Tract 8069; Prince George's County; Maryland,37.2,4861,1487,652,1903,1505,66,2694,243,4852,331,136531,1505,208,1567,25,263,25,4808,0,90,713,0,1505,19,24033,13.412878008640197,6.821929101401484,16.701331114808653,4.385382059800665,9.505703422053232
24033807000,Census Tract 8070; Prince George's County; Maryland,28.4,8311,2908,2193,1822,3554,971,4597,298,8289,2847,58229,3554,267,3973,0,2572,905,8248,0,665,772,0,3554,83,24033,26.386716399951872,34.34672457473761,17.422405431619786,27.321328081035453,35.186625194401245
24033807102,Census Tract 8071.02; Prince George's County; Maryland,36.4,3088,1548,559,718,1112,69,1600,183,3088,413,141053,1112,26,1193,20,307,42,3080,99,110,69,0,1112,53,24033,18.102331606217618,13.374352331606218,9.025974025974026,6.205035971223022,13.680781758957655
24033807301,Census Tract 8073.01; Prince George's County; Maryland,32.2,3796,467,1269,1008,1404,136,2120,219,3796,571,83333,1404,176,1464,0,1078,202,3796,0,159,280,23,1404,29,24033,33.42992623814541,15.042149631190727,12.170706006322444,9.686609686609687,18.738404452690165
24033807304,Census Tract 8073.04; Prince George's County; Maryland,45.3,2078,555,226,1289,644,10,930,117,2070,179,120865,644,53,644,0,104,64,2075,82,173,99,0,644,0,24033,10.875842155919154,8.647342995169081,17.06024096385542,1.5527950310559007,61.53846153846154
24033807305,Census Tract 8073.05; Prince George's County; Maryland,35.7,3865,370,1558,1460,1148,26,2077,208,3847,763,113065,1148,230,1234,0,455,261,3856,328,255,612,63,1148,15,24033,40.310478654592494,19.83363659994801,32.62448132780083,2.264808362369338,57.362637362637365
24033807404,Census Tract 8074.04; Prince George's County; Maryland,34.5,6039,749,1670,2367,1681,49,2749,199,6007,642,96362,1681,123,1785,0,594,118,6035,289,352,343,44,1681,46,24033,27.65358503063421,10.687531213584151,17.03396851698426,2.9149315883402735,19.865319865319865
24033807405,Census Tract 8074.05; Prince George's County; Maryland,32.4,6932,1893,1775,3122,2068,33,3897,71,6877,584,127981,2068,279,2278,0,921,193,6911,0,155,177,18,2068,50,24033,25.605885747259087,8.492075032717755,5.06439010273477,1.5957446808510638,20.955483170466884
24033807407,Census Tract 8074.07; Prince George's County; Maryland,38.5,6825,805,2365,2179,2251,263,3106,107,6810,1041,96733,2251,264,2251,30,824,167,6806,514,30,382,59,2251,55,24033,34.65201465201465,15.286343612334802,14.472524243314723,11.683696135051088,20.266990291262136
24033807408,Census Tract 8074.08; Prince George's County; Maryland,39.1,5816,2277,2446,522,2370,205,2984,178,5816,783,107668,2370,234,2555,0,442,79,5801,0,17,213,21,2370,64,24033,42.056396148555706,13.462861072902339,4.326840199965523,8.649789029535865,17.873303167420815
24033807409,Census Tract 8074.09; Prince George's County; Maryland,36.3,3998,479,1953,1492,1097,70,1714,71,3898,671,97465,1097,233,1136,0,748,75,3892,0,194,288,0,1097,97,24033,48.849424712356175,17.213955874807592,12.38437821171634,6.381039197812215,10.026737967914439
24033807410,Census Tract 8074.10; Prince George's County; Maryland,51.4,4891,1732,1582,1375,2381,539,1793,203,4822,693,80496,2381,43,2523,41,1387,388,4838,146,319,455,0,2381,66,24033,32.34512369658557,14.371630029033597,19.016122364613476,22.637547249055018,27.97404470079308
24033807500,Census Tract 8075; Prince George's County; Maryland,36.2,7182,2897,1819,1936,2765,307,3730,398,6893,1109,93304,2765,375,2871,0,1195,281,7130,90,218,544,77,2765,134,24033,25.327206906154274,16.088785724648194,13.02945301542777,11.103074141048825,23.514644351464437
24033980000,Census Tract 9800; Prince George's County; Maryland,19.9,14041,7295,3489,942,1440,489,4308,241,3912,2688,20000,1440,80,1872,42,1287,831,14023,62,142,82,0,1440,18,24033,24.84865750302685,68.71165644171779,2.0395065249946516,33.958333333333336,64.56876456876456
11001000101,Census Tract 1.01; District of Columbia; District of Columbia,44.1,1181,888,58,90,803,311,694,118,1181,37,135708,803,0,898,0,367,52,1181,0,22,0,0,803,0,11001,4.911092294665537,3.132938187976291,1.8628281117696868,38.72976338729763,14.168937329700272
11001000102,Census Tract 1.02; District of Columbia; District of Columbia,56.6,3056,2590,15,405,1830,517,1875,124,3056,108,159583,1830,53,2207,88,618,25,3056,0,0,25,0,1830,16,11001,0.4908376963350785,3.5340314136125652,0.8180628272251309,28.25136612021858,4.0453074433656955
11001000201,Census Tract 2.01; District of Columbia; District of Columbia,19.8,2835,1685,225,381,0,0,852,54,64,64,NA,0,0,0,0,0,0,2835,0,17,0,0,0,0,11001,7.936507936507937,100,0.599647266313933,NA,NA
11001000202,Census Tract 2.02; District of Columbia; District of Columbia,37.3,3964,3168,97,384,1832,623,2353,231,3246,465,152059,1832,0,1977,0,492,208,3946,0,6,9,0,1832,50,11001,2.4470232088799193,14.325323475046211,0.3801317790167258,34.006550218340614,42.27642276422764
11001000300,Census Tract 3; District of Columbia; District of Columbia,34.3,5669,4033,325,816,2430,241,3357,280,5669,372,174470,2430,39,2793,97,988,166,5669,0,0,0,0,2430,118,11001,5.732933497971423,6.562003880754983,0,9.91769547325103,16.80161943319838
11001000400,Census Tract 4; District of Columbia; District of Columbia,48,1715,1040,78,279,698,142,725,51,1715,242,188929,698,23,885,23,317,120,1715,0,9,1,4,698,53,11001,4.548104956268221,14.110787172011662,0.8163265306122449,20.34383954154728,37.85488958990536
11001000501,Census Tract 5.01; District of Columbia; District of Columbia,39.7,3490,2165,421,366,2220,973,2253,747,3475,268,109116,2220,18,2559,63,1950,482,3490,0,18,0,14,2220,5,11001,12.063037249283667,7.712230215827338,0.9169054441260746,43.828828828828826,24.71794871794872
11001000502,Census Tract 5.02; District of Columbia; District of Columbia,37.7,3448,2510,162,491,1739,326,2106,489,3448,238,157344,1739,14,1815,30,777,125,3448,0,9,8,0,1739,13,11001,4.698375870069605,6.9025522041763345,0.49303944315545245,18.746405980448532,16.087516087516086
11001000600,Census Tract 6; District of Columbia; District of Columbia,47.3,4367,3656,285,343,2160,581,2441,782,4246,157,183421,2160,144,2287,0,675,157,4258,0,0,23,0,2160,98,11001,6.526219372566979,3.697597739048516,0.5401596993893847,26.89814814814815,23.25925925925926
11001000702,Census Tract 7.02; District of Columbia; District of Columbia,30.9,3239,1813,741,310,2182,641,2239,351,3239,295,87750,2182,99,2503,78,1538,423,3239,0,47,29,11,2182,43,11001,22.87743130595863,9.107749305341155,2.686014201914171,29.376718606782767,27.503250975292588
11001000703,Census Tract 7.03; District of Columbia; District of Columbia,64.4,2764,1919,194,371,1878,449,1486,204,2764,79,119077,1878,24,2237,0,733,114,2764,0,4,22,9,1878,56,11001,7.018813314037627,2.858176555716353,1.2662807525325614,23.908413205537805,15.552523874488404
11001000704,Census Tract 7.04; District of Columbia; District of Columbia,44.2,2404,1777,105,286,1458,401,1523,416,2404,136,93538,1458,56,1737,20,948,282,2394,0,16,52,0,1458,48,11001,4.367720465890183,5.657237936772047,2.8404344193817876,27.503429355281206,29.746835443037973
11001000802,Census Tract 8.02; District of Columbia; District of Columbia,42.5,3136,2123,335,320,1458,249,1576,164,3136,311,144250,1458,42,1542,0,616,119,3136,0,41,0,0,1458,80,11001,10.682397959183673,9.917091836734693,1.3073979591836735,17.078189300411523,19.318181818181817
11001000803,Census Tract 8.03; District of Columbia; District of Columbia,45.2,2521,1846,198,213,1284,224,1081,92,2325,432,143375,1284,12,1544,0,393,209,2521,49,39,104,0,1284,12,11001,7.854026180087267,18.580645161290324,7.616025386751289,17.445482866043612,53.18066157760814
11001000804,Census Tract 8.04; District of Columbia; District of Columbia,39.9,3532,2973,81,111,1229,58,1441,53,3126,133,250001,1229,0,1374,0,237,25,3509,0,0,0,0,1229,0,11001,2.293318233295583,4.254638515674984,0,4.719283970707893,10.548523206751055
11001000902,Census Tract 9.02; District of Columbia; District of Columbia,48.5,2134,1708,194,182,850,38,968,25,2134,67,231250,850,1,877,0,117,51,2134,26,18,8,3,850,25,11001,9.090909090909092,3.139643861293346,2.577319587628866,4.470588235294118,43.58974358974359
11001000903,Census Tract 9.03; District of Columbia; District of Columbia,19.6,3201,2547,238,292,382,0,1055,83,1106,118,250001,382,0,396,11,46,19,3201,5,26,19,0,382,0,11001,7.435176507341456,10.669077757685352,1.5620118712902218,0,41.30434782608695
11001000904,Census Tract 9.04; District of Columbia; District of Columbia,46.5,3250,2383,271,275,1191,175,1513,73,3250,177,250001,1191,0,1278,0,280,23,3250,0,6,0,0,1191,61,11001,8.338461538461539,5.446153846153846,0.18461538461538463,14.693534844668346,8.214285714285714
11001001002,Census Tract 10.02; District of Columbia; District of Columbia,34.7,3348,2742,141,155,1962,487,2082,293,3348,400,157396,1962,0,2322,0,1159,258,3348,0,0,0,0,1962,0,11001,4.211469534050179,11.947431302270012,0,24.821610601427114,22.260569456427955
11001001003,Census Tract 10.03; District of Columbia; District of Columbia,44.7,2895,2336,175,219,1050,19,1349,184,2818,140,250001,1050,63,1050,0,105,32,2866,0,0,0,0,1050,17,11001,6.0449050086355784,4.9680624556423,0,1.8095238095238095,30.476190476190474
11001001004,Census Tract 10.04; District of Columbia; District of Columbia,44.1,3959,3102,144,279,1550,298,1767,407,3807,439,222692,1550,0,1669,12,372,133,3952,0,15,9,0,1550,91,11001,3.637282141955039,11.531389545573942,0.6072874493927125,19.225806451612904,35.75268817204301
11001001100,Census Tract 11; District of Columbia; District of Columbia,49.4,4508,3046,575,257,2070,571,2357,491,4388,317,206250,2070,22,2354,55,862,199,4444,0,9,63,0,2070,76,11001,12.755102040816327,7.224247948951686,1.6201620162016201,27.584541062801932,23.08584686774942
11001001200,Census Tract 12; District of Columbia; District of Columbia,43.6,4711,3518,511,368,2460,757,2593,796,4711,430,142396,2460,125,2653,0,1121,266,4711,0,17,35,0,2460,68,11001,10.846953937592868,9.127573763532158,1.103799617915517,30.772357723577237,23.728813559322035
11001001301,Census Tract 13.01; District of Columbia; District of Columbia,42.3,3965,2698,711,377,2090,619,2164,395,3868,360,102321,2090,65,2153,0,1438,367,3914,0,67,42,0,2090,208,11001,17.93190416141236,9.307135470527404,2.7848748083801738,29.617224880382775,25.521557719054243
11001001303,Census Tract 13.03; District of Columbia; District of Columbia,32.9,3537,2472,409,432,2258,862,2318,1037,3537,262,100671,2258,88,2385,0,1486,249,3537,0,34,24,0,2258,106,11001,11.56347186881538,7.407407407407407,1.6398077466779757,38.17537643932684,16.756393001345895
11001001304,Census Tract 13.04; District of Columbia; District of Columbia,38.6,4083,2840,256,504,2800,785,3048,709,4083,195,119638,2800,52,3049,0,2201,244,4083,0,0,34,0,2800,128,11001,6.26989958363948,4.775900073475386,0.8327210384521185,28.035714285714285,11.085870059064062
11001001401,Census Tract 14.01; District of Columbia; District of Columbia,39.4,3324,2104,241,523,1351,306,1834,287,3324,145,207344,1351,116,1416,0,527,106,3324,0,5,0,0,1351,0,11001,7.250300842358604,4.362214199759326,0.15042117930204574,22.649888971132494,20.113851992409867
11001001402,Census Tract 14.02; District of Columbia; District of Columbia,49.3,3488,2371,395,340,1654,335,1720,298,3446,117,185250,1654,87,1750,1,634,124,3446,0,0,1,0,1654,119,11001,11.32454128440367,3.3952408589669183,0.02901915264074289,20.253929866989118,19.558359621451103
11001001500,Census Tract 15; District of Columbia; District of Columbia,48.5,5619,3962,645,605,2072,77,2964,238,5453,67,250001,2072,18,2193,0,98,9,5453,20,0,37,0,2072,100,11001,11.478910838227442,1.2286814597469282,1.0452961672473868,3.7162162162162162,9.183673469387756
11001001600,Census Tract 16; District of Columbia; District of Columbia,42.5,5071,1145,3363,448,1789,18,2435,201,4993,223,219241,1789,27,1845,0,103,0,5067,38,11,7,30,1789,61,11001,66.3182804180635,4.4662527538553976,1.6972567594237222,1.0061486864169928,0
11001001702,Census Tract 17.02; District of Columbia; District of Columbia,38,3387,1505,1312,279,1625,284,2020,347,3374,121,133892,1625,105,1842,45,827,117,3372,0,45,19,0,1625,61,11001,38.73634484794804,3.5862477771191466,1.8979833926453145,17.476923076923075,14.147521160822249
11001001803,Census Tract 18.03; District of Columbia; District of Columbia,39.2,3795,356,2091,1243,1683,640,1708,437,3795,891,56964,1683,520,1807,21,1439,383,3795,186,135,272,0,1683,191,11001,55.098814229249015,23.47826086956522,15.625823451910408,38.027332144979205,26.61570535093815
11001001804,Census Tract 18.04; District of Columbia; District of Columbia,37.9,5428,135,3474,2072,1997,687,2326,564,5428,1052,71113,1997,498,2186,93,1330,321,5428,99,0,304,25,1997,338,11001,64.0014738393515,19.38098747236551,7.885040530582167,34.40160240360541,24.13533834586466
11001001901,Census Tract 19.01; District of Columbia; District of Columbia,35.7,4581,1162,2629,907,1658,185,2484,880,4581,35,109559,1658,146,1801,0,249,28,4581,0,26,56,0,1658,253,11001,57.38921632831259,0.7640253219820999,1.7900021829294914,11.158021712907116,11.244979919678714
11001001902,Census Tract 19.02; District of Columbia; District of Columbia,42.5,2212,545,1153,335,827,114,1091,137,2212,154,164137,827,34,874,0,131,4,2212,13,7,33,0,827,42,11001,52.124773960217,6.962025316455696,2.396021699819168,13.784764207980652,3.053435114503817
11001002001,Census Tract 20.01; District of Columbia; District of Columbia,40.5,2983,498,989,1313,1125,298,1477,531,2979,706,77361,1125,57,1193,12,742,248,2980,2,2,60,0,1125,145,11001,33.154542406972844,23.699227928835178,2.1476510067114094,26.488888888888887,33.42318059299191
11001002002,Census Tract 20.02; District of Columbia; District of Columbia,40,4106,1317,1639,770,1512,274,2257,253,4051,341,250001,1512,105,1600,28,249,31,4087,18,23,43,0,1512,62,11001,39.9171943497321,8.417674648235003,2.055297284071446,18.12169312169312,12.449799196787149
11001002101,Census Tract 21.01; District of Columbia; District of Columbia,36.9,5946,1024,3549,1554,2513,737,2983,564,5946,187,85316,2513,284,2585,0,1174,229,5946,0,73,147,24,2513,257,11001,59.687184661957616,3.144971409350824,4.1035990581903805,29.3274970155193,19.50596252129472
11001002102,Census Tract 21.02; District of Columbia; District of Columbia,37.4,5043,785,2579,1411,2342,533,2615,566,5029,451,97659,2342,492,2612,33,1035,274,5036,0,90,206,0,2342,221,11001,51.14019432877256,8.967985683038377,5.877680698967435,22.758326216908625,26.47342995169082
11001002201,Census Tract 22.01; District of Columbia; District of Columbia,34.7,3238,1553,937,901,986,100,1536,184,3065,71,160938,986,32,1066,41,71,0,3225,14,6,64,0,986,73,11001,28.937615812229772,2.3164763458401305,2.604651162790698,10.141987829614605,0
11001002202,Census Tract 22.02; District of Columbia; District of Columbia,33,3228,913,1758,544,1267,268,1553,411,3228,436,92805,1267,337,1450,0,567,204,3228,0,44,63,0,1267,111,11001,54.46096654275093,13.506815365551425,3.314745972738538,21.152328334648775,35.97883597883598
11001002301,Census Tract 23.01; District of Columbia; District of Columbia,37.7,3170,802,1594,600,1202,92,1722,378,3170,336,144167,1202,144,1315,25,288,135,3170,25,12,23,0,1202,70,11001,50.28391167192429,10.599369085173501,1.8927444794952681,7.653910149750416,46.875
11001002302,Census Tract 23.02; District of Columbia; District of Columbia,51.1,1538,517,836,88,837,433,559,121,1381,126,106756,837,28,1101,0,633,96,1381,0,0,3,0,837,283,11001,54.35630689206762,9.123823316437365,0.2172338884866039,51.732377538829155,15.165876777251185
11001002400,Census Tract 24; District of Columbia; District of Columbia,38.1,3735,1570,1175,903,1510,196,2213,675,3712,192,144167,1510,90,1632,15,442,70,3701,0,83,134,0,1510,21,11001,31.45917001338688,5.172413793103448,5.863280194542016,12.980132450331126,15.83710407239819
11001002501,Census Tract 25.01; District of Columbia; District of Columbia,40,2860,1049,1056,484,1060,156,1373,123,2857,112,173913,1060,86,1085,0,426,20,2848,0,0,1,0,1060,78,11001,36.92307692307692,3.92019600980049,0.0351123595505618,14.716981132075471,4.694835680751174
11001002503,Census Tract 25.03; District of Columbia; District of Columbia,35.6,2909,971,1340,554,1705,852,1788,446,2909,143,122526,1705,167,1878,0,1229,70,2909,136,79,39,0,1705,112,11001,46.06393949810931,4.9157786180818155,8.731522860089378,49.97067448680352,5.695687550854353
11001002504,Census Tract 25.04; District of Columbia; District of Columbia,37.6,3132,1133,733,1030,1475,342,1852,450,3117,571,109918,1475,81,1496,0,555,47,3126,20,27,175,0,1475,97,11001,23.403575989782887,18.31889637471928,7.1017274472168905,23.1864406779661,8.468468468468469
11001002600,Census Tract 26; District of Columbia; District of Columbia,40.5,2578,906,1226,383,895,157,1266,232,2576,136,250001,895,38,936,0,242,32,2578,0,6,39,0,895,60,11001,47.55624515128006,5.279503105590062,1.7455391776570985,17.54189944134078,13.223140495867769
11001002702,Census Tract 27.02; District of Columbia; District of Columbia,34.5,5578,3325,538,1271,2397,744,3354,640,5478,274,137910,2397,58,2519,0,1220,195,5578,0,29,78,0,2397,227,11001,9.645034062387953,5.001825483753195,1.9182502689135892,31.038798498122652,15.98360655737705
11001002703,Census Tract 27.03; District of Columbia; District of Columbia,44.1,2312,1191,427,380,1109,405,1533,340,2192,65,134702,1109,46,1222,40,609,117,2192,0,44,0,0,1109,84,11001,18.468858131487888,2.9653284671532845,2.0072992700729926,36.51938683498648,19.211822660098523
11001002704,Census Tract 27.04; District of Columbia; District of Columbia,33,2971,1469,333,912,1625,769,2371,837,2971,272,88504,1625,73,1959,0,1362,215,2971,0,108,133,0,1625,16,11001,11.20834735779199,9.155166610568832,8.11174688657018,47.323076923076925,15.7856093979442
11001002801,Census Tract 28.01; District of Columbia; District of Columbia,30.9,3877,1424,900,1341,1826,877,2352,665,3877,547,86029,1826,186,1916,0,1376,236,3858,41,146,153,0,1826,191,11001,23.21382512251741,14.108847046685582,8.812856402280975,48.02847754654984,17.151162790697676
11001002802,Census Tract 28.02; District of Columbia; District of Columbia,31.7,4951,1911,850,2280,2705,1790,2561,603,4945,1702,82675,2705,542,2769,0,2139,344,4924,712,155,34,0,2705,269,11001,17.16824883861846,34.41860465116279,18.29813160032494,66.17375231053605,16.0822814399252
11001002900,Census Tract 29; District of Columbia; District of Columbia,30.2,4608,1795,1320,1152,1687,529,2685,788,4597,866,187125,1687,150,1906,42,761,66,4558,0,2,170,0,1687,91,11001,28.645833333333332,18.83837285185991,3.7735849056603774,31.357439241256667,8.672798948751643
11001003000,Census Tract 30; District of Columbia; District of Columbia,32.1,3535,1113,1464,779,1622,830,1980,655,3524,916,103100,1622,377,1810,15,1161,265,3535,0,202,46,0,1622,327,11001,41.41442715700141,25.993189557321227,7.015558698727015,51.17139334155364,22.825150732127476
11001003100,Census Tract 31; District of Columbia; District of Columbia,33.4,3529,1881,660,860,1917,685,2672,591,3476,120,151635,1917,85,2003,0,898,74,3522,0,0,71,0,1917,57,11001,18.702181921224142,3.4522439585730726,2.015900056785917,35.732916014606154,8.240534521158128
11001003200,Census Tract 32; District of Columbia; District of Columbia,32.7,4132,1771,1353,891,1652,528,2307,619,4124,829,135625,1652,375,2069,82,552,59,4124,20,54,58,0,1652,35,11001,32.74443368828654,20.10184287099903,3.200775945683802,31.961259079903147,10.68840579710145
11001003301,Census Tract 33.01; District of Columbia; District of Columbia,39.8,3525,1884,1157,250,1762,237,2853,409,3525,263,219831,1762,102,1898,27,459,23,3513,0,7,11,0,1762,22,11001,32.822695035460995,7.460992907801418,0.5123825789923142,13.450624290578888,5.010893246187364
11001003302,Census Tract 33.02; District of Columbia; District of Columbia,32.9,2236,1067,909,104,1002,201,1486,149,2224,186,161250,1002,44,1052,37,452,88,2206,0,21,40,0,1002,18,11001,40.65295169946333,8.363309352517986,2.7651858567543064,20.059880239520957,19.469026548672566
11001003400,Census Tract 34; District of Columbia; District of Columbia,24.3,4044,1194,1777,429,1222,642,2107,784,2381,474,109250,1222,254,1409,114,739,145,4044,0,27,34,0,1222,122,11001,43.94164193867458,19.90760184796304,1.5084075173095945,52.53682487725041,19.621109607577807
11001003500,Census Tract 35; District of Columbia; District of Columbia,27.8,4498,1626,2170,293,1907,785,2742,501,3164,303,109403,1907,238,2255,144,1412,364,4498,19,63,29,0,1907,171,11001,48.243663850600264,9.576485461441214,2.4677634504224097,41.16413214472994,25.77903682719547
11001003600,Census Tract 36; District of Columbia; District of Columbia,34.5,4500,2537,1312,479,2248,1056,3445,1258,4491,420,123810,2248,265,2442,0,1589,146,4474,0,49,35,0,2248,72,11001,29.155555555555555,9.352037408149632,1.8775145283862316,46.97508896797153,9.188168659534298
11001003701,Census Tract 37.01; District of Columbia; District of Columbia,34.3,2195,1085,214,739,1335,487,1608,348,2195,77,105365,1335,108,1381,0,896,174,2195,0,22,27,0,1335,0,11001,9.749430523917995,3.507972665148064,2.2323462414578588,36.47940074906367,19.419642857142858
11001003702,Census Tract 37.02; District of Columbia; District of Columbia,32.9,2815,1428,1085,319,1514,715,1749,583,2815,516,89792,1514,171,1671,0,1215,189,2803,13,0,49,0,1514,10,11001,38.54351687388988,18.3303730017762,2.2119158044951837,47.22589167767503,15.555555555555555
11001003801,Census Tract 38.01; District of Columbia; District of Columbia,36.1,1514,1245,55,139,997,346,1300,273,1514,41,132188,997,9,1062,0,571,47,1514,0,0,13,0,997,0,11001,3.6327608982826947,2.7080581241743724,0.8586525759577279,34.70411233701103,8.231173380035026
11001003802,Census Tract 38.02; District of Columbia; District of Columbia,36.3,3607,1988,480,674,2105,1046,2711,833,3607,342,159182,2105,178,2204,0,1468,275,3607,0,70,17,52,2105,81,11001,13.307457721097865,9.48156362628223,3.8536179650679236,49.69121140142518,18.732970027247955
11001003901,Census Tract 39.01; District of Columbia; District of Columbia,34.7,2729,1418,674,586,1724,636,2093,612,2729,109,129095,1724,41,1965,0,1535,176,2729,0,29,26,0,1724,64,11001,24.69769146207402,3.994137046537193,2.015390252839868,36.890951276102086,11.465798045602606
11001003902,Census Tract 39.02; District of Columbia; District of Columbia,36.1,1774,994,91,328,1016,354,1324,324,1774,91,114700,1016,0,1305,154,478,78,1765,0,11,0,53,1016,53,11001,5.129650507328072,5.129650507328072,3.6260623229461757,34.84251968503937,16.317991631799163
11001004001,Census Tract 40.01; District of Columbia; District of Columbia,33.2,3971,2754,543,416,2409,821,3138,562,3971,248,148125,2409,83,2499,0,1298,34,3971,21,0,0,0,2409,13,11001,13.674137496852179,6.245278267438932,0.528834046839587,34.080531340805315,2.6194144838212634
11001004002,Census Tract 40.02; District of Columbia; District of Columbia,34.8,3291,2174,167,510,2095,1131,2521,630,3185,129,167102,2095,22,2357,30,1384,196,3291,0,38,40,26,2095,19,11001,5.074445457307809,4.050235478806908,3.160133697964145,53.985680190930786,14.16184971098266
11001004100,Census Tract 41; District of Columbia; District of Columbia,40,2363,1683,287,382,1417,572,1354,351,2363,147,170288,1417,0,1616,0,740,147,2363,27,43,0,0,1417,32,11001,12.14557765552264,6.220905628438426,2.9623360135421075,40.36697247706422,19.864864864864863
11001004201,Census Tract 42.01; District of Columbia; District of Columbia,31.2,3224,2498,169,284,1928,1205,2825,749,3224,236,150455,1928,54,2355,11,1320,151,3224,0,25,0,0,1928,28,11001,5.241935483870968,7.320099255583126,0.7754342431761787,62.5,11.43939393939394
11001004202,Census Tract 42.02; District of Columbia; District of Columbia,31.4,2613,1708,66,454,1615,909,1843,540,2554,383,101146,1615,27,1646,0,1246,123,2600,0,33,34,0,1615,10,11001,2.5258323765786455,14.99608457321848,2.576923076923077,56.28482972136223,9.87158908507223
11001004300,Census Tract 43; District of Columbia; District of Columbia,34.4,4387,2567,421,876,2665,1600,3182,938,4387,176,132076,2665,47,2878,43,1786,248,4325,0,0,139,0,2665,56,11001,9.596535217688626,4.0118532026441756,3.213872832369942,60.0375234521576,13.885778275475923
11001004401,Census Tract 44.01; District of Columbia; District of Columbia,34.4,3388,2065,786,255,1869,761,2565,355,3388,123,209013,1869,0,1996,0,926,117,3367,0,28,20,0,1869,0,11001,23.19952774498229,3.6304604486422667,1.4256014256014256,40.71696094168004,12.63498920086393
11001004402,Census Tract 44.02; District of Columbia; District of Columbia,34.8,2503,1586,348,151,1234,433,1663,337,2496,127,177902,1234,107,1403,0,695,49,2480,0,43,11,0,1234,0,11001,13.90331602077507,5.0881410256410255,2.1774193548387095,35.089141004862235,7.0503597122302155
11001004600,Census Tract 46; District of Columbia; District of Columbia,33.8,3058,1476,1240,210,1498,384,2080,460,3058,234,147237,1498,112,1659,41,863,135,3047,39,0,80,7,1498,0,11001,40.54937867887508,7.6520601700457815,4.135214965539875,25.63417890520694,15.643105446118192
11001004702,Census Tract 47.02; District of Columbia; District of Columbia,31.4,3476,2322,543,460,2264,1184,2843,476,3313,191,145254,2264,63,2515,49,2022,230,3313,0,36,30,0,2264,74,11001,15.621403912543153,5.765167521883489,1.9921521279806822,52.29681978798587,11.374876360039565
11001004703,Census Tract 47.03; District of Columbia; District of Columbia,30.4,3400,1188,1392,254,1916,1165,2127,617,3400,966,81458,1916,180,2365,121,1532,309,3390,103,0,354,0,1916,109,11001,40.94117647058823,28.41176470588235,13.480825958702065,60.80375782881002,20.16971279373368
11001004704,Census Tract 47.04; District of Columbia; District of Columbia,23,1580,104,1448,46,728,517,96,15,1580,1208,11094,728,403,794,21,676,251,1565,0,0,0,0,728,176,11001,91.64556962025317,76.45569620253164,0,71.01648351648352,37.1301775147929
11001004801,Census Tract 48.01; District of Columbia; District of Columbia,34.1,2751,1430,645,538,1479,546,1933,228,2745,313,171694,1479,91,1586,34,938,95,2712,0,107,45,0,1479,125,11001,23.446019629225734,11.402550091074682,5.6047197640118,36.91683569979716,10.127931769722814
11001004802,Census Tract 48.02; District of Columbia; District of Columbia,33.5,2974,1115,1102,441,1662,566,2260,450,2974,149,121574,1662,110,1839,66,1226,103,2962,0,61,29,0,1662,45,11001,37.05447209145932,5.010087424344317,3.038487508440243,34.05535499398315,8.401305057096248
11001004901,Census Tract 49.01; District of Columbia; District of Columbia,30.8,3381,1773,887,504,1909,571,2360,291,3381,439,103839,1909,151,2056,130,1475,374,3359,0,0,1,0,1909,74,11001,26.234841762792072,12.984324164448388,0.02977076510866329,29.91094814038764,25.35593220338983
11001004902,Census Tract 49.02; District of Columbia; District of Columbia,32.4,3367,1948,692,401,2182,1069,2687,404,3367,207,160000,2182,105,2283,0,1450,301,3352,0,42,47,13,2182,61,11001,20.552420552420553,6.147906147906148,3.042959427207637,48.99175068744271,20.75862068965517
11001005001,Census Tract 50.01; District of Columbia; District of Columbia,37.5,2064,1368,152,135,1104,634,1509,266,2064,39,241548,1104,24,1222,0,414,13,2064,0,2,15,0,1104,15,11001,7.364341085271318,1.8895348837209303,0.8236434108527132,57.427536231884055,3.140096618357488
11001005003,Census Tract 50.03; District of Columbia; District of Columbia,35.6,1766,1120,163,261,1117,679,1443,170,1766,270,145175,1117,45,1198,23,807,121,1766,0,10,95,11,1117,18,11001,9.229898074745186,15.288788221970554,6.568516421291053,60.78782452999105,14.993804213135068
11001005004,Census Tract 50.04; District of Columbia; District of Columbia,35.2,3703,1902,913,887,2265,1388,2292,282,3703,782,82386,2265,336,2396,0,1574,463,3661,0,13,77,0,2265,205,11001,24.655684580070215,21.11801242236025,2.4583447145588635,61.280353200883,29.415501905972047
11001005202,Census Tract 52.02; District of Columbia; District of Columbia,40.4,2973,2479,103,197,2080,1129,2237,202,2960,177,158919,2080,15,2206,0,893,137,2973,0,0,0,0,2080,52,11001,3.4645139589640093,5.97972972972973,0,54.27884615384615,15.34154535274356
11001005203,Census Tract 52.03; District of Columbia; District of Columbia,34.9,3114,1721,257,632,2346,1561,2712,569,3114,214,106923,2346,131,2658,0,1927,123,3114,0,0,178,0,2346,36,11001,8.253050738599871,6.872190109184329,5.716120745022479,66.53878942881501,6.382978723404255
11001005302,Census Tract 53.02; District of Columbia; District of Columbia,31.8,2547,1952,86,373,1606,860,1915,431,2547,49,138241,1606,12,1750,0,1075,169,2531,0,75,0,0,1606,59,11001,3.376521397722811,1.9238319591676483,2.963255630185697,53.5491905354919,15.720930232558139
11001005303,Census Tract 53.03; District of Columbia; District of Columbia,40.2,2503,1724,4,230,1985,1328,1817,343,2490,251,104085,1985,0,2304,0,891,89,2490,0,16,127,0,1985,43,11001,0.15980823012385137,10.080321285140561,5.742971887550201,66.90176322418137,9.988776655443322
11001005501,Census Tract 55.01; District of Columbia; District of Columbia,35.6,1759,1400,57,388,1271,706,1329,283,1757,143,139738,1271,0,1630,0,712,109,1748,0,109,20,0,1271,0,11001,3.2404775440591247,8.138873079112123,7.379862700228833,55.546813532651456,15.308988764044944
11001005502,Census Tract 55.02; District of Columbia; District of Columbia,33.1,2487,1779,174,104,1561,893,1692,248,2301,285,112736,1561,49,1685,0,1100,257,2323,0,16,53,0,1561,65,11001,6.996381182147165,12.385919165580182,2.9702970297029703,57.20691864189622,23.363636363636363
11001005503,Census Tract 55.03; District of Columbia; District of Columbia,36.8,1693,1301,124,173,1190,672,1179,108,1693,507,100547,1190,0,1554,0,743,310,1693,0,26,69,0,1190,0,11001,7.324276432368577,29.946839929119907,5.611340815121086,56.470588235294116,41.722745625841185
11001005601,Census Tract 56.01; District of Columbia; District of Columbia,30.9,2508,1641,278,302,1992,1283,1731,211,2499,627,79524,1992,0,2248,0,1500,419,2441,0,21,0,0,1992,64,11001,11.084529505582138,25.09003601440576,0.8603031544448996,64.40763052208835,27.933333333333334
11001005602,Census Tract 56.02; District of Columbia; District of Columbia,32,4034,2589,266,615,1976,879,1861,130,3018,393,115930,1976,101,2227,0,1131,299,4034,0,30,10,0,1976,80,11001,6.593951412989589,13.021868787276341,0.991571641051066,44.483805668016196,26.436781609195403
11001005801,Census Tract 58.01; District of Columbia; District of Columbia,42.8,1780,1293,233,148,1104,640,1260,217,1767,376,148333,1104,78,1518,199,577,67,1780,0,0,95,0,1104,51,11001,13.089887640449438,21.279003961516693,5.337078651685394,57.971014492753625,11.611785095320624
11001005802,Census Tract 58.02; District of Columbia; District of Columbia,37.9,1936,1178,231,374,1367,725,1554,345,1936,181,151659,1367,39,1664,24,937,249,1879,0,0,76,0,1367,0,11001,11.931818181818182,9.349173553719009,4.044704630122405,53.03584491587418,26.574172892209177
11001005900,Census Tract 59; District of Columbia; District of Columbia,32.1,2403,1614,336,223,1483,866,1754,214,2246,313,129901,1483,119,1595,94,1277,165,2403,0,58,29,0,1483,97,11001,13.982521847690387,13.935886019590383,3.620474406991261,58.39514497639919,12.920908379013312
11001006400,Census Tract 64; District of Columbia; District of Columbia,31.7,2978,621,2170,51,1674,827,1370,307,2904,912,83409,1674,548,2031,0,1398,308,2953,96,37,17,0,1674,234,11001,72.86769644056413,31.40495867768595,5.079580088046055,49.4026284348865,22.031473533619458
11001006500,Census Tract 65; District of Columbia; District of Columbia,36.9,2549,1854,255,307,1365,356,1435,280,2512,455,151464,1365,2,1617,0,427,88,2549,34,7,30,0,1365,45,11001,10.003923107100825,18.113057324840764,2.785406041584935,26.08058608058608,20.60889929742389
11001006600,Census Tract 66; District of Columbia; District of Columbia,37.8,2150,1713,110,113,1091,290,1379,341,2138,126,163783,1091,8,1261,0,641,48,2125,0,10,9,19,1091,57,11001,5.116279069767442,5.893358278765201,1.7882352941176471,26.581118240146655,7.488299531981279
11001006700,Census Tract 67; District of Columbia; District of Columbia,39.9,3930,3323,316,196,2087,377,2422,432,3921,32,166250,2087,13,2098,0,675,104,3860,0,0,23,0,2087,31,11001,8.040712468193384,0.816118337158888,0.5958549222797928,18.06420699568759,15.407407407407407
11001006801,Census Tract 68.01; District of Columbia; District of Columbia,35.5,2271,1266,535,192,1026,248,1432,358,2271,301,171466,1026,129,1079,43,411,64,2212,0,0,26,0,1026,32,11001,23.557904007045355,13.25407309555262,1.1754068716094033,24.171539961013647,15.571776155717762
11001006802,Census Tract 68.02; District of Columbia; District of Columbia,35.6,2264,1340,733,107,1045,87,1361,421,2257,254,162173,1045,38,1130,0,453,28,2248,0,25,0,0,1045,0,11001,32.37632508833922,11.25387682764732,1.112099644128114,8.325358851674642,6.181015452538631
11001006804,Census Tract 68.04; District of Columbia; District of Columbia,35,2143,239,1744,124,36,19,53,24,293,206,111579,36,0,36,0,30,0,293,0,5,0,0,36,0,11001,81.3812412505833,70.30716723549489,1.7064846416382253,52.77777777777778,0
11001006900,Census Tract 69; District of Columbia; District of Columbia,35.3,2913,2104,399,119,1392,269,2111,639,2913,109,206429,1392,101,1521,0,633,33,2890,0,3,3,0,1392,17,11001,13.697219361483008,3.7418468932372124,0.20761245674740483,19.32471264367816,5.213270142180095
11001007000,Census Tract 70; District of Columbia; District of Columbia,36.7,2462,1763,298,197,1057,234,1571,302,2155,119,176875,1057,9,1230,9,455,50,2132,0,0,6,0,1057,41,11001,12.103980503655565,5.5220417633410674,0.28142589118198874,22.138126773888363,10.989010989010989
11001007100,Census Tract 71; District of Columbia; District of Columbia,33.2,3485,1256,1916,322,1571,552,1844,435,3485,655,122071,1571,270,1722,21,802,114,3451,0,59,23,2,1571,74,11001,54.97847919655667,18.7948350071736,2.4340770791075053,35.136855506047105,14.214463840399002
11001007201,Census Tract 72.01; District of Columbia; District of Columbia,31.8,2850,1888,543,198,2116,822,2536,901,2850,96,136333,2116,109,2354,0,1802,200,2681,0,0,22,0,2116,27,11001,19.05263157894737,3.3684210526315788,0.8205893323386796,38.8468809073724,11.098779134295228
11001007202,Census Tract 72.02; District of Columbia; District of Columbia,30.9,5262,4085,579,297,3599,1366,4822,1089,5262,262,160333,3599,160,3976,0,3297,326,5075,0,19,36,0,3599,0,11001,11.003420752565564,4.979095400988218,1.083743842364532,37.95498749652681,9.887776766757659
11001007203,Census Tract 72.03; District of Columbia; District of Columbia,33.5,3305,1876,928,173,1920,717,2428,508,3237,246,166316,1920,311,2256,41,1530,93,3198,0,0,0,0,1920,51,11001,28.078668683812406,7.599629286376274,0,37.34375,6.078431372549019
11001007301,Census Tract 73.01; District of Columbia; District of Columbia,26.6,4592,2514,795,1008,1333,10,2193,38,4260,94,124519,1333,0,1448,0,1333,223,3271,69,16,14,0,1333,0,11001,17.312717770034844,2.2065727699530515,3.0265973708346072,0.7501875468867217,16.729182295573892
11001007304,Census Tract 73.04; District of Columbia; District of Columbia,38.6,4383,209,3867,34,2150,1197,1762,996,4195,938,41833,2150,735,2313,49,1540,771,4195,0,131,25,0,2150,435,11001,88.22724161533196,22.359952324195472,3.718712753277712,55.674418604651166,50.064935064935064
11001007401,Census Tract 74.01; District of Columbia; District of Columbia,33.6,1458,29,1372,18,773,500,368,115,1398,822,NA,773,332,902,25,640,313,1456,0,4,137,0,773,78,11001,94.10150891632374,58.798283261802574,9.684065934065934,64.68305304010349,48.90625
11001007403,Census Tract 74.03; District of Columbia; District of Columbia,20.1,2779,14,2458,113,970,416,766,179,2779,1551,21850,970,588,1148,20,932,424,2779,0,0,9,0,970,124,11001,88.44908240374235,55.81144296509536,0.3238575026988125,42.88659793814433,45.493562231759654
11001007404,Census Tract 74.04; District of Columbia; District of Columbia,25.3,4304,23,4245,424,1379,465,1379,362,4304,811,52412,1379,619,1622,25,959,214,4304,0,173,83,0,1379,338,11001,98.62918215613382,18.842936802973977,5.947955390334572,33.7200870195794,22.314911366006257
11001007406,Census Tract 74.06; District of Columbia; District of Columbia,29.3,2803,0,2441,0,1268,547,838,242,2803,894,53138,1268,454,1456,0,1141,395,2776,70,0,92,0,1268,139,11001,87.08526578665715,31.894398858366035,5.835734870317003,43.138801261829656,34.618755477651185
11001007407,Census Tract 74.07; District of Columbia; District of Columbia,33.5,3407,198,3066,93,1499,479,1299,331,3407,1109,52917,1499,452,1653,0,810,389,3379,0,41,24,0,1499,197,11001,89.99119459935427,32.55063105371294,1.9236460491269607,31.954636424282857,48.02469135802469
11001007408,Census Tract 74.08; District of Columbia; District of Columbia,22.5,4124,118,3891,52,1422,743,856,173,3940,1805,24487,1422,779,1578,30,1407,532,3940,0,58,0,0,1422,207,11001,94.35014548981572,45.81218274111675,1.4720812182741116,52.250351617440224,37.81094527363184
11001007409,Census Tract 74.09; District of Columbia; District of Columbia,35.7,3387,16,3331,0,1754,1042,1234,548,3387,1300,40789,1754,859,1801,0,1297,336,3387,0,34,0,0,1754,547,11001,98.34661942722173,38.38204901092412,1.0038382049010923,59.407069555302165,25.905936777178102
11001007502,Census Tract 75.02; District of Columbia; District of Columbia,29.6,4999,56,4734,0,1900,927,1422,506,4568,1383,44746,1900,913,2188,94,1537,362,4624,24,114,13,0,1900,311,11001,94.69893978795758,30.275831873905428,3.2655709342560555,48.78947368421053,23.552374756018217
11001007503,Census Tract 75.03; District of Columbia; District of Columbia,32.1,2440,149,2211,123,945,414,1053,283,2440,633,59653,945,421,1178,29,672,182,2440,26,79,39,0,945,164,11001,90.61475409836065,25.942622950819672,5.901639344262295,43.80952380952381,27.083333333333332
11001007504,Census Tract 75.04; District of Columbia; District of Columbia,36.1,2815,38,2663,70,1355,699,1327,470,2815,1098,38188,1355,466,1491,35,923,237,2815,0,88,44,11,1355,188,11001,94.60035523978685,39.00532859680284,5.0799289520426285,51.586715867158674,25.677139761646803
11001007601,Census Tract 76.01; District of Columbia; District of Columbia,32.4,4949,196,4384,130,2073,583,2154,555,4913,984,56580,2073,798,2411,82,1394,459,4913,149,174,162,0,2073,129,11001,88.5835522327743,20.028495827396704,9.871768776714838,28.12349252291365,32.926829268292686
11001007603,Census Tract 76.03; District of Columbia; District of Columbia,36.1,4281,113,3887,173,2196,448,2351,518,4281,350,83250,2196,294,2450,18,1432,170,4281,0,4,11,0,2196,115,11001,90.79654286381687,8.17565989254847,0.350385423966363,20.40072859744991,11.871508379888269
11001007604,Census Tract 76.04; District of Columbia; District of Columbia,49.5,3738,261,2999,177,1959,687,1817,318,3738,722,85737,1959,372,2175,29,1262,284,3738,23,21,17,0,1959,123,11001,80.23006955591225,19.3151417870519,1.6318887105403959,35.068912710566615,22.503961965134707
11001007605,Census Tract 76.05; District of Columbia; District of Columbia,40.9,3793,72,3642,15,1978,914,1591,604,3779,765,53814,1978,489,2167,54,1324,452,3779,0,0,81,0,1978,354,11001,96.01898233588189,20.243450648319662,2.14342418629267,46.20829120323559,34.13897280966767
11001007703,Census Tract 77.03; District of Columbia; District of Columbia,28,7140,51,5016,2051,2307,779,3004,779,7109,1897,62429,2307,741,2449,0,1442,381,7140,178,560,130,0,2307,304,11001,70.25210084033614,26.68448445632297,12.156862745098039,33.76679670567837,26.421636615811373
11001007707,Census Tract 77.07; District of Columbia; District of Columbia,37.4,4345,57,4048,178,1836,694,1722,488,4345,1107,59512,1836,449,2031,61,983,301,4345,0,117,120,0,1836,218,11001,93.16455696202532,25.477560414269274,5.454545454545454,37.79956427015251,30.620549338758902
11001007708,Census Tract 77.08; District of Columbia; District of Columbia,42.3,2444,2,2125,34,1149,610,898,249,2444,448,51573,1149,482,1211,32,987,214,2420,0,20,97,0,1149,181,11001,86.94762684124386,18.330605564648117,4.8347107438016526,53.08964316797215,21.681864235055723
11001007709,Census Tract 77.09; District of Columbia; District of Columbia,33.7,2512,54,2423,128,1271,676,826,453,2500,572,48508,1271,493,1345,40,1045,429,2500,0,127,64,0,1271,228,11001,96.45700636942675,22.88,7.64,53.186467348544454,41.05263157894737
11001007803,Census Tract 78.03; District of Columbia; District of Columbia,34.8,4968,58,4676,67,2523,959,1969,825,4922,1373,48456,2523,442,2824,62,1534,444,4957,126,183,18,32,2523,299,11001,94.12238325281804,27.895164567249086,7.242283639297963,38.01030519223147,28.94393741851369
11001007804,Census Tract 78.04; District of Columbia; District of Columbia,30.8,4078,176,3719,33,1589,610,1216,339,3779,1154,NA,1589,606,1882,70,1164,283,3779,0,197,20,0,1589,293,11001,91.19666503187837,30.537179147922732,5.742259857105054,38.388923851478914,24.3127147766323
11001007806,Census Tract 78.06; District of Columbia; District of Columbia,41.4,2361,173,2096,17,1163,453,812,276,2358,348,50607,1163,292,1265,48,643,218,2358,106,71,17,0,1163,142,11001,88.77594239728928,14.758269720101781,8.227311280746395,38.950988822012036,33.90357698289269
11001007807,Census Tract 78.07; District of Columbia; District of Columbia,36.2,2477,45,2217,156,919,344,781,161,2473,659,57750,919,301,977,0,396,160,2473,0,6,45,0,919,127,11001,89.50343157044813,26.647796198948644,2.0622725434694704,37.43199129488575,40.4040404040404
11001007808,Census Tract 78.08; District of Columbia; District of Columbia,35.3,4105,48,3913,263,1560,308,1470,303,4093,923,68782,1560,382,1845,0,679,261,4093,0,0,45,0,1560,161,11001,95.32277710109622,22.550696310774494,1.0994380649890056,19.743589743589745,38.43888070692194
11001007809,Census Tract 78.09; District of Columbia; District of Columbia,31.2,3134,108,2571,302,1192,326,1176,1,3132,681,75686,1192,343,1360,26,433,139,3132,0,45,15,0,1192,29,11001,82.03573707721762,21.743295019157088,1.9157088122605364,27.348993288590606,32.10161662817552
11001007901,Census Tract 79.01; District of Columbia; District of Columbia,34.7,4397,944,2467,578,1693,594,1346,337,4397,1439,98566,1693,423,1969,0,794,410,4317,84,15,54,17,1693,167,11001,56.10643620650443,32.72685922219695,3.9379198517489,35.085646780862376,51.63727959697733
11001007903,Census Tract 79.03; District of Columbia; District of Columbia,36,1859,441,1112,131,786,200,954,332,1859,271,98387,786,137,909,29,230,65,1844,0,19,8,0,786,33,11001,59.81710597095213,14.577729962345346,1.4642082429501084,25.44529262086514,28.26086956521739
11001008001,Census Tract 80.01; District of Columbia; District of Columbia,37.4,3058,2198,394,259,1441,147,2202,349,3048,66,208750,1441,0,1569,0,355,50,3048,0,0,13,0,1441,9,11001,12.884238064094179,2.1653543307086616,0.42650918635170604,10.201249132546842,14.084507042253522
11001008002,Census Tract 80.02; District of Columbia; District of Columbia,36.4,3286,2178,708,223,1424,168,1946,379,3266,250,135938,1424,103,1545,0,542,86,3266,34,65,43,0,1424,29,11001,21.545952525867317,7.654623392529087,4.3478260869565215,11.797752808988765,15.867158671586715
11001008100,Census Tract 81; District of Columbia; District of Columbia,36.8,3183,2641,272,287,1544,247,2243,761,3177,36,171235,1544,11,1594,0,820,18,3172,98,0,123,0,1544,32,11001,8.545397423814013,1.13314447592068,6.967213114754099,15.99740932642487,2.1951219512195124
11001008200,Census Tract 82; District of Columbia; District of Columbia,32.8,2805,1974,192,212,1512,661,2071,392,2702,122,129808,1512,68,1714,23,994,137,2793,0,0,13,0,1512,0,11001,6.8449197860962565,4.515173945225759,0.46544933762978874,43.716931216931215,13.782696177062375
11001008301,Census Tract 83.01; District of Columbia; District of Columbia,32.8,3077,2231,385,391,1627,472,2339,679,2978,196,173542,1627,29,1684,0,837,104,3077,50,0,6,0,1627,18,11001,12.512187195320116,6.581598388179986,1.8199545011374716,29.010448678549476,12.425328554360812
11001008302,Census Tract 83.02; District of Columbia; District of Columbia,34.8,2871,2202,147,380,1309,301,1940,597,2735,30,166131,1309,0,1439,68,765,46,2695,0,11,0,0,1309,0,11001,5.120167189132706,1.0968921389396709,0.40816326530612246,22.994652406417114,6.0130718954248366
11001008402,Census Tract 84.02; District of Columbia; District of Columbia,35.4,2557,1587,598,284,1423,457,1874,397,2552,162,125231,1423,86,1674,53,782,65,2552,31,0,30,0,1423,74,11001,23.386781384434883,6.347962382445141,2.390282131661442,32.115249472944484,8.312020460358056
11001008410,Census Tract 84.10; District of Columbia; District of Columbia,34.9,2138,1001,554,352,845,161,1276,192,2130,47,201875,845,80,875,0,212,10,2138,49,8,0,0,845,41,11001,25.912067352666043,2.2065727699530515,2.666043030869972,19.05325443786982,4.716981132075472
11001008701,Census Tract 87.01; District of Columbia; District of Columbia,34,2618,1294,1044,47,1146,182,1855,428,2596,344,191842,1146,132,1261,47,424,116,2608,12,18,28,0,1146,30,11001,39.877769289533994,13.25115562403698,2.223926380368098,15.881326352530541,27.358490566037737
11001008702,Census Tract 87.02; District of Columbia; District of Columbia,31.3,3521,1371,1417,396,2171,871,2685,630,3521,331,103750,2171,208,2256,44,1609,229,3518,0,21,0,0,2171,58,11001,40.24424879295655,9.400738426583358,0.5969300739056282,40.119760479041915,14.232442510876322
11001008802,Census Tract 88.02; District of Columbia; District of Columbia,35.5,4605,1093,2932,383,1962,526,2524,455,4546,1019,78505,1962,232,2214,101,1028,202,4564,0,92,36,0,1962,202,11001,63.669923995656895,22.415310162780468,2.8045574057844,26.809378185524974,19.64980544747082
11001008803,Census Tract 88.03; District of Columbia; District of Columbia,32.3,4473,1291,2437,434,2057,947,2702,386,3910,820,91317,2057,295,2351,24,1885,317,4385,0,77,107,29,2057,133,11001,54.482450257098144,20.971867007672635,4.857468643101482,46.03791929995138,16.816976127320956
11001008804,Census Tract 88.04; District of Columbia; District of Columbia,38.1,2338,425,1486,325,1505,537,1444,362,2332,539,100320,1505,366,1899,0,844,321,2338,0,50,0,9,1505,133,11001,63.558597091531226,23.11320754716981,2.5235243798118048,35.68106312292359,38.03317535545024
11001008903,Census Tract 89.03; District of Columbia; District of Columbia,30.3,3668,191,3307,83,1684,828,1540,436,3485,801,57653,1684,620,1946,26,1343,427,3668,0,0,3,0,1684,62,11001,90.15812431842966,22.984218077474893,0.08178844056706652,49.1686460807601,31.794489947877885
11001008904,Census Tract 89.04; District of Columbia; District of Columbia,35.5,3826,441,2700,284,1818,544,2079,551,3826,807,63140,1818,602,2018,25,1442,376,3806,0,322,65,0,1818,166,11001,70.5697856769472,21.092524830109774,10.168155543878088,29.92299229922992,26.0748959778086
11001009000,Census Tract 90; District of Columbia; District of Columbia,43.4,3679,395,2971,44,2383,547,2084,223,3679,219,64190,2383,253,2504,0,1202,400,3679,0,0,4,0,2383,465,11001,80.75564011959771,5.9527045392769775,0.10872519706441967,22.954259336970207,33.277870216306155
11001009102,Census Tract 91.02; District of Columbia; District of Columbia,35.6,4352,912,2963,444,1923,686,1940,655,4341,941,70548,1923,454,2228,0,1207,191,4347,51,34,78,0,1923,152,11001,68.08363970588235,21.677032941718497,3.749712445364619,35.67342693707748,15.824357912178955
11001009201,Census Tract 92.01; District of Columbia; District of Columbia,32.2,3058,1660,704,332,1289,330,1698,417,2876,557,96445,1289,71,1535,20,740,278,3035,0,22,26,0,1289,45,11001,23.02158273381295,19.367176634214186,1.5815485996705108,25.60124127230411,37.567567567567565
11001009203,Census Tract 92.03; District of Columbia; District of Columbia,35.8,3320,888,1962,263,1565,578,1853,342,3320,158,123266,1565,323,1565,0,899,133,3320,0,77,60,28,1565,0,11001,59.096385542168676,4.759036144578313,4.969879518072289,36.932907348242814,14.794215795328142
11001009204,Census Tract 92.04; District of Columbia; District of Columbia,32.5,3388,328,2443,579,1621,788,1352,552,3388,901,45575,1621,504,1744,75,1398,399,3388,0,72,105,21,1621,330,11001,72.10743801652893,26.593860684769776,5.8441558441558445,48.611967921036396,28.540772532188843
11001009301,Census Tract 93.01; District of Columbia; District of Columbia,40.8,3388,1380,1478,114,1417,84,2029,522,3388,322,186063,1417,104,1554,36,343,28,3382,0,25,52,0,1417,40,11001,43.624557260920895,9.50413223140496,2.2767593140153757,5.9280169371912494,8.16326530612245
11001009302,Census Tract 93.02; District of Columbia; District of Columbia,31.9,1821,685,757,298,996,284,1398,421,1821,214,106364,996,101,1081,65,601,160,1821,0,41,116,0,996,80,11001,41.57056562328391,11.751784733662822,8.621636463481604,28.514056224899598,26.622296173044926
11001009400,Census Tract 94; District of Columbia; District of Columbia,41.4,4966,1186,3124,263,1849,257,2635,244,4946,403,144230,1849,211,1925,22,334,25,4966,14,34,83,0,1849,133,11001,62.90777285541684,8.147998382531338,2.6379379782521144,13.899405083829096,7.485029940119761
11001009503,Census Tract 95.03; District of Columbia; District of Columbia,37.4,3438,845,2223,258,1202,31,1446,103,3409,382,121628,1202,118,1259,9,120,36,3405,72,63,52,0,1202,10,11001,64.65968586387434,11.205632150190672,5.491923641703377,2.579034941763727,30
11001009504,Census Tract 95.04; District of Columbia; District of Columbia,44.3,3037,1014,1414,183,1214,166,1347,369,2810,567,103469,1214,51,1256,0,460,160,2814,0,24,9,0,1214,51,11001,46.5591043793217,20.177935943060497,1.1727078891257996,13.673805601317957,34.78260869565217
11001009505,Census Tract 95.05; District of Columbia; District of Columbia,33.1,4407,493,3353,157,1871,300,2511,569,4392,285,96106,1871,98,1980,0,774,65,4392,49,22,53,0,1871,71,11001,76.08350351713183,6.4890710382513666,2.8233151183970855,16.034206306787816,8.397932816537468
11001009507,Census Tract 95.07; District of Columbia; District of Columbia,37.5,1636,156,1170,288,587,99,729,149,1636,253,104250,587,94,623,0,53,11,1636,0,23,39,0,587,51,11001,71.5158924205379,15.464547677261614,3.7897310513447433,16.86541737649063,20.754716981132077
11001009508,Census Tract 95.08; District of Columbia; District of Columbia,36.8,3910,164,3086,334,1880,579,1616,177,3897,427,90903,1880,241,2025,26,1347,75,3910,0,3,0,1,1880,161,11001,78.92583120204604,10.957146522966385,0.10230179028132992,30.79787234042553,5.567928730512249
11001009509,Census Tract 95.09; District of Columbia; District of Columbia,35.9,3274,722,2181,399,1388,263,1804,219,3274,69,116613,1388,117,1412,0,84,0,3274,0,49,78,0,1388,57,11001,66.61576053756872,2.1075137446548564,3.8790470372632866,18.94812680115274,0
11001009510,Census Tract 95.10; District of Columbia; District of Columbia,33.7,4788,276,2564,1706,1925,493,2089,560,4788,727,61005,1925,290,1995,0,1445,416,4786,0,172,445,0,1925,198,11001,53.55054302422724,15.183792815371763,12.891767655662349,25.61038961038961,28.78892733564014
11001009511,Census Tract 95.11; District of Columbia; District of Columbia,19.9,1426,924,196,203,0,0,409,15,122,122,NA,0,0,0,0,0,0,1378,2,27,0,0,0,0,11001,13.744740532959327,100,2.1044992743105952,NA,NA
11001009601,Census Tract 96.01; District of Columbia; District of Columbia,31.3,2218,113,1996,73,843,291,675,100,2212,358,56696,843,301,917,11,564,70,2212,70,108,27,0,843,69,11001,89.99098286744815,16.184448462929474,9.267631103074141,34.519572953736656,12.411347517730496
11001009602,Census Tract 96.02; District of Columbia; District of Columbia,28.8,5527,74,5072,290,2233,1242,1697,384,5496,2209,34476,2233,1037,2350,0,1888,811,5527,50,173,101,0,2233,236,11001,91.76768590555454,40.19286754002911,5.862131355165551,55.62024182713838,42.95550847457627
11001009603,Census Tract 96.03; District of Columbia; District of Columbia,38.8,4219,0,3786,124,1981,707,1726,445,4219,1298,52837,1981,512,2059,87,1303,483,4219,0,167,36,0,1981,343,11001,89.73690447973453,30.765584261673382,4.8115667219720315,35.68904593639576,37.06830391404451
11001009604,Census Tract 96.04; District of Columbia; District of Columbia,40.3,1912,83,1659,101,856,228,929,172,1912,165,81167,856,176,906,30,279,48,1885,0,41,37,0,856,80,11001,86.76778242677824,8.629707112970712,4.137931034482759,26.635514018691588,17.204301075268816
11001009700,Census Tract 97; District of Columbia; District of Columbia,46.6,3232,45,3170,0,1791,431,1286,640,3232,699,49449,1791,597,1907,12,1112,147,3232,0,19,0,0,1791,415,11001,98.08168316831683,21.627475247524753,0.5878712871287128,24.064768285873814,13.219424460431656
11001009801,Census Tract 98.01; District of Columbia; District of Columbia,37.7,2075,71,1940,42,1107,564,507,83,2075,679,16415,1107,695,1186,9,972,168,2075,34,0,3,0,1107,386,11001,93.49397590361446,32.72289156626506,1.783132530120482,50.94850948509485,17.28395061728395
11001009802,Census Tract 98.02; District of Columbia; District of Columbia,33.6,2113,17,1993,0,862,475,457,117,2113,935,36205,862,459,933,9,570,197,2099,0,38,0,0,862,178,11001,94.32087079981069,44.24988168480833,1.810385898046689,55.104408352668216,34.56140350877193
11001009803,Census Tract 98.03; District of Columbia; District of Columbia,41.4,2892,88,2411,221,1363,534,1148,320,2696,782,40618,1363,293,1578,36,1116,267,2824,128,164,160,10,1363,317,11001,83.36791147994468,29.00593471810089,16.359773371104815,39.17828319882612,23.9247311827957
11001009804,Census Tract 98.04; District of Columbia; District of Columbia,26.7,2643,133,2010,345,966,335,1056,488,2643,613,51261,966,376,1069,12,721,240,2643,0,15,0,0,966,139,11001,76.04994324631102,23.193340900491865,0.5675368898978433,34.679089026915115,33.287101248266296
11001009807,Census Tract 98.07; District of Columbia; District of Columbia,40.1,3322,55,3038,156,1736,825,1478,312,3250,550,64063,1736,443,1900,17,1268,200,3211,0,58,2,0,1736,486,11001,91.45093317278747,16.923076923076923,1.8685767673621925,47.52304147465438,15.772870662460567
11001009810,Census Tract 98.10; District of Columbia; District of Columbia,35.2,1918,42,1645,42,1132,648,776,311,1918,667,34226,1132,514,1199,19,1100,362,1918,0,16,104,0,1132,349,11001,85.76642335766424,34.77580813347237,6.256517205422315,57.24381625441696,32.90909090909091
11001009811,Census Tract 98.11; District of Columbia; District of Columbia,36.2,4225,69,4136,34,1789,820,1340,510,4225,1183,50836,1789,846,2240,29,1507,382,4225,0,94,92,0,1789,195,11001,97.89349112426035,28,4.402366863905326,45.835662381218555,25.348374253483744
11001009901,Census Tract 99.01; District of Columbia; District of Columbia,52.3,2107,183,1660,15,947,156,1046,94,2107,65,102422,947,149,1079,0,203,57,2102,23,24,24,0,947,15,11001,78.78500237304225,3.084954912197437,3.3777354900095147,16.473072861668427,28.07881773399015
11001009902,Census Tract 99.02; District of Columbia; District of Columbia,55.3,2742,223,2301,156,1245,270,1647,68,2736,337,89740,1245,172,1294,0,204,43,2736,0,8,28,0,1245,19,11001,83.91684901531728,12.317251461988304,1.3157894736842106,21.686746987951807,21.07843137254902
11001009903,Census Tract 99.03; District of Columbia; District of Columbia,29.9,2156,166,1892,73,672,110,942,165,2142,156,129853,672,168,764,0,179,38,2156,0,18,6,0,672,42,11001,87.75510204081633,7.282913165266106,1.1131725417439704,16.36904761904762,21.22905027932961
11001009904,Census Tract 99.04; District of Columbia; District of Columbia,30.7,3632,96,3061,494,1381,357,1485,368,3623,887,73859,1381,473,1456,0,742,201,3623,0,18,66,15,1381,113,11001,84.27863436123349,24.482473088600607,2.732542092188794,25.850832729905864,27.088948787061994
11001009905,Census Tract 99.05; District of Columbia; District of Columbia,35.5,3182,54,3094,0,1271,449,1121,202,3166,761,68125,1271,400,1469,73,494,177,3166,0,0,0,0,1271,56,11001,97.23444374607165,24.03663929248263,0,35.32651455546814,35.82995951417004
11001009906,Census Tract 99.06; District of Columbia; District of Columbia,36.9,1615,82,1484,17,750,325,575,162,1615,254,73173,750,241,863,28,415,106,1615,28,52,50,0,750,112,11001,91.88854489164086,15.727554179566564,8.04953560371517,43.333333333333336,25.542168674698797
11001009907,Census Tract 99.07; District of Columbia; District of Columbia,28.2,2099,28,2029,195,873,425,1092,693,2086,586,67724,873,328,1054,44,645,28,2086,0,0,107,0,873,127,11001,96.66507860886136,28.09204218600192,5.129434324065197,48.68270332187858,4.341085271317829
11001010100,Census Tract 101; District of Columbia; District of Columbia,34.6,2659,1626,286,341,1866,1225,2042,331,2598,213,111875,1866,0,2063,38,1354,239,2631,0,36,47,0,1866,52,11001,10.755923279428357,8.198614318706698,3.1546940326871913,65.64844587352626,17.651403249630725
11001010201,Census Tract 102.01; District of Columbia; District of Columbia,33.8,2946,1243,1150,170,2074,1046,2185,667,2946,177,100194,2074,93,2427,0,1978,314,2946,111,92,54,0,2074,12,11001,39.035980991174476,6.008146639511201,8.723693143245079,50.43394406943105,15.874620829120323
11001010202,Census Tract 102.02; District of Columbia; District of Columbia,37.4,2542,1307,783,218,1631,607,1761,283,2528,196,120389,1631,191,1776,2,1070,329,2494,14,6,4,0,1631,76,11001,30.80251770259638,7.753164556962025,0.9623095429029671,37.21643163703249,30.747663551401867
11001010300,Census Tract 103; District of Columbia; District of Columbia,38.9,4344,969,2243,877,1804,515,2220,714,4323,596,112778,1804,253,1880,0,895,270,4323,0,45,92,0,1804,134,11001,51.634438305709025,13.786722183668749,3.1690955355077493,28.547671840354766,30.16759776536313
11001010400,Census Tract 104; District of Columbia; District of Columbia,42.1,4389,408,3857,92,2254,949,2251,790,4195,1242,93312,2254,415,2501,222,1273,440,4215,45,287,170,19,2254,116,11001,87.87878787878788,29.606674612634087,12.36061684460261,42.10292812777285,34.56402199528672
11001010500,Census Tract 105; District of Columbia; District of Columbia,35.8,3844,1881,1405,374,2356,942,2713,474,3844,933,107414,2356,289,2567,0,1590,255,3827,0,126,15,0,2356,124,11001,36.55046826222685,24.27159209157128,3.6843480533054613,39.9830220713073,16.037735849056602
11001010601,Census Tract 106.01; District of Columbia; District of Columbia,31.2,1928,1127,435,158,1307,711,1695,348,1928,278,120115,1307,44,1542,0,1307,147,1914,0,50,26,0,1307,95,11001,22.562240663900415,14.41908713692946,3.9707419017763845,54.39938791124713,11.247130833970926
11001010602,Census Tract 106.02; District of Columbia; District of Columbia,32.2,7269,3936,2211,447,3470,1037,5045,1137,7218,809,175687,3470,124,3816,33,2427,377,7256,0,58,54,0,3470,116,11001,30.41683862979777,11.208090883901358,1.543550165380375,29.88472622478386,15.533580552121961
11001010603,Census Tract 106.03; District of Columbia; District of Columbia,28,2562,1919,306,248,1841,1123,2384,576,2562,117,109103,1841,27,2079,9,1841,251,2562,0,37,0,0,1841,26,11001,11.943793911007026,4.566744730679157,1.444184231069477,60.99945681694731,13.633894622487778
11001010700,Census Tract 107; District of Columbia; District of Columbia,30.9,1648,1179,61,229,1252,1020,1265,506,1554,210,101786,1252,0,1517,0,918,237,1648,0,53,32,0,1252,34,11001,3.7014563106796117,13.513513513513514,5.157766990291262,81.46964856230032,25.81699346405229
11001010800,Census Tract 108; District of Columbia; District of Columbia,20.2,4731,2766,469,634,977,888,1646,206,1206,467,35983,977,50,1386,0,915,498,4731,0,46,0,0,977,73,11001,9.913337560769394,38.72305140961858,0.9723102938068062,90.89048106448311,54.42622950819672
11001010900,Census Tract 109; District of Columbia; District of Columbia,28.1,3355,84,2677,7,1353,544,1263,307,3355,855,36156,1353,626,1484,0,1341,421,3355,0,86,78,0,1353,305,11001,79.7913561847988,25.484351713859912,4.88822652757079,40.20694752402069,31.3944817300522
11001011001,Census Tract 110.01; District of Columbia; District of Columbia,36.5,2763,1525,959,654,1449,468,1659,256,2763,532,135179,1449,124,1647,0,775,191,2709,0,24,0,23,1449,39,11001,34.70865001809627,19.254433586681145,1.7349575489110374,32.298136645962735,24.64516129032258
11001011002,Census Tract 110.02; District of Columbia; District of Columbia,55.7,1512,995,281,17,1127,397,916,169,1479,115,102371,1127,9,1367,77,279,79,1479,0,0,10,0,1127,13,11001,18.584656084656086,7.77552400270453,0.676132521974307,35.226264418811006,28.315412186379927
11001011100,Census Tract 111; District of Columbia; District of Columbia,41.5,4985,609,3674,724,1855,700,1877,262,4765,1044,85913,1855,705,2011,34,788,90,4765,0,57,124,0,1855,304,11001,73.70110330992979,21.909758656873034,3.7985309548793285,37.735849056603776,11.421319796954315
11001980000,Census Tract 9800; District of Columbia; District of Columbia,NA,17,17,0,0,5,0,17,5,17,0,NA,5,0,5,0,5,0,17,0,0,0,0,5,0,11001,0,0,0,0,0
